Sales_ID,Order_ID,Gender_Category,Product_Line,Product_Name,Size,Units_Sold,MRP,Discount_Applied,Revenue,Order_Date,Sales_Channel,Region,Profit,Original_Revenue,Units_Was_Missing,Units_Was_Invalid,MRP_Was_Missing,Discount_Was_Missing,Discount_Was_Invalid,Date_Was_Missing,Calculated_Revenue,Revenue_Difference,Revenue_Match,rejection_reason,warning_reason,audit_note,Duplicate_Order_ID,Revenue_Mismatch,Record_Status
3,2002,Women,Soccer,Premier Iii,M,4.0,5773.245,0.48,0.0,,Retail,Mumbai,3337.34,0.0,0,0,1,1,0,1,12008.35,-12008.35,0,Missing Order Date,Duplicate Order_ID,,True,True,Rejected
6,2005,Women,Training,Flex Trainer,M,1.0,7363.96,0.48,0.0,,Retail,Delhi,1415.98,0.0,0,0,0,1,0,1,3829.26,-3829.26,0,Missing Order Date,Duplicate Order_ID,,True,True,Rejected
8,2007,Kids,Training,Superrep Go,M,1.0,5280.57,0.32,0.0,,Retail,Bengaluru,2928.36,0.0,0,0,1,0,0,1,3590.79,-3590.79,0,Missing Order Date,Duplicate Order_ID,,True,True,Rejected
10,2009,Men,Soccer,Mercurial Superfly,M,4.0,6569.65,0.5,0.0,,Online,Pune,3929.61,0.0,0,0,1,1,0,1,13139.3,-13139.3,0,Missing Order Date,Duplicate Order_ID,,True,True,Rejected
12,2011,Women,Training,Flex Trainer,L,2.0,9586.08,0.48,0.0,,Retail,Hyderabad,1667.08,0.0,0,1,0,1,0,1,9969.52,-9969.52,0,Missing Order Date,,,False,True,Rejected
17,2016,Women,Basketball,Air Jordan,M,1.0,9871.75,0.3,6910.22,,Retail,Hyderabad,2452.69,6910.22,0,0,0,0,0,1,6910.22,0.0,1,Missing Order Date,Duplicate Order_ID,,True,False,Rejected
19,2018,Men,Training,Metcon 7,XL,2.0,5890.69,0.5,0.0,,Online,Bengaluru,-966.89,0.0,0,1,1,0,1,1,5890.69,-5890.69,0,Missing Order Date,Duplicate Order_ID,,True,True,Rejected
26,2025,Women,Basketball,Kyrie Flytrap,M,3.0,9820.5,0.48,0.0,,Retail,Mumbai,1900.15,0.0,0,0,0,1,0,1,15319.98,-15319.98,0,Missing Order Date,Duplicate Order_ID,,True,True,Rejected
28,2027,Men,Basketball,Zoom Freak,XL,2.0,6435.66,0.22,0.0,,Online,Pune,-138.74,0.0,1,0,1,0,0,1,10039.63,-10039.63,0,Missing Order Date,Duplicate Order_ID,,True,True,Rejected
29,2028,Men,Training,Flex Trainer,12,2.0,3270.23,0.48,0.0,,Retail,Delhi,-946.86,0.0,1,0,0,1,0,1,3401.04,-3401.04,0,Missing Order Date,Duplicate Order_ID,,True,True,Rejected
34,2033,Men,Soccer,Mercurial Superfly,XL,2.0,6569.65,0.48,0.0,,Retail,Kolkata,-1005.71,0.0,0,1,1,1,0,1,6832.44,-6832.44,0,Missing Order Date,Duplicate Order_ID,,True,True,Rejected
38,2037,Kids,Running,Pegasus Turbo,7,3.0,5653.14,0.48,-169.59,,Retail,Pune,2776.96,-169.59,0,0,0,0,1,1,8818.9,-8988.49,0,Missing Order Date,Duplicate Order_ID,,True,True,Rejected
39,2038,Kids,Running,Free Rn,,2.0,6293.58,0.83,0.0,,Online,Delhi,1163.21,0.0,0,1,1,0,0,1,2139.82,-2139.82,0,Missing Order Date,Duplicate Order_ID,,True,True,Rejected
47,2046,Kids,Running,Air Zoom,12,3.0,5550.99,0.5,0.0,,Online,Kolkata,1284.33,0.0,1,0,1,0,1,1,8326.48,-8326.48,0,Missing Order Date,Duplicate Order_ID,,True,True,Rejected
50,2049,Kids,Soccer,Tiempo Legend,L,1.0,7767.2,0.48,0.0,,Retail,Pune,311.48,0.0,0,0,0,1,0,1,4038.94,-4038.94,0,Missing Order Date,Duplicate Order_ID,,True,True,Rejected
51,2050,Men,Running,Air Zoom,L,1.0,5550.99,0.57,0.0,,Retail,Kolkata,682.12,0.0,0,0,1,0,0,1,2386.93,-2386.93,0,Missing Order Date,Duplicate Order_ID,,True,True,Rejected
59,2058,Women,Training,Flex Trainer,11,3.0,4985.92,0.5,0.0,,Online,Kolkata,361.54,0.0,1,0,0,1,0,1,7478.88,-7478.88,0,Missing Order Date,,,False,True,Rejected
71,2070,Kids,Running,React Infinity,L,3.0,6492.155000000001,0.48,0.0,,Retail,Mumbai,1112.43,0.0,1,0,1,1,0,1,10127.76,-10127.76,0,Missing Order Date,,,False,True,Rejected
73,2072,Men,Training,Flex Trainer,,3.0,6383.55,0.48,0.0,,Retail,Pune,3639.2,0.0,0,0,1,1,0,1,9958.34,-9958.34,0,Missing Order Date,,,False,True,Rejected
75,2074,Men,Training,Flex Trainer,L,3.0,6383.55,0.57,0.0,,Online,Kolkata,1958.47,0.0,0,1,1,0,0,1,8234.78,-8234.78,0,Missing Order Date,,,False,True,Rejected
79,2078,Women,Basketball,Lebron 20,,2.0,6970.47,0.5,0.0,,Online,Mumbai,262.79,0.0,0,1,0,1,0,1,6970.47,-6970.47,0,Missing Order Date,,,False,True,Rejected
82,2081,Men,Training,Zoomx Invincible,L,2.5,6897.68,0.5,0.0,,Online,Mumbai,2810.49,0.0,1,0,1,1,0,1,8622.1,-8622.1,0,Missing Order Date,,,False,True,Rejected
91,2090,Kids,Lifestyle,Dunk Low,8,3.0,6202.99,0.48,0.0,,Retail,Bengaluru,163.15,0.0,1,0,1,1,0,1,9676.66,-9676.66,0,Missing Order Date,,,False,True,Rejected
92,2091,Kids,Running,Air Zoom,11,2.0,9246.88,0.48,0.0,,Retail,Mumbai,1917.55,0.0,1,0,0,1,0,1,9616.76,-9616.76,0,Missing Order Date,,,False,True,Rejected
93,2092,Kids,Basketball,Zoom Freak,XL,2.0,6435.66,0.5,0.0,,Online,Delhi,207.2,0.0,0,0,1,0,1,1,6435.66,-6435.66,0,Missing Order Date,,,False,True,Rejected
94,2093,Men,Running,Free Rn,XL,2.0,6293.58,0.29,0.0,,Online,Kolkata,-146.73,0.0,0,1,1,0,0,1,8936.88,-8936.88,0,Missing Order Date,,,False,True,Rejected
98,2097,Women,Training,Zoomx Invincible,XL,2.5,7978.89,0.5,0.0,,Online,Bengaluru,769.05,0.0,1,0,0,1,0,1,9973.61,-9973.61,0,Missing Order Date,,,False,True,Rejected
105,2104,Men,Basketball,Kyrie Flytrap,,2.0,5066.14,0.48,0.0,,Retail,Delhi,2905.91,0.0,1,0,1,1,0,1,5268.79,-5268.79,0,Missing Order Date,,,False,True,Rejected
107,2106,Women,Running,Free Rn,,2.0,6293.58,0.48,0.0,,Retail,Bengaluru,76.95,0.0,1,0,1,1,0,1,6545.32,-6545.32,0,Missing Order Date,,,False,True,Rejected
113,2112,Women,Training,Metcon 7,,2.0,2201.54,0.48,0.0,,Retail,Bengaluru,697.42,0.0,1,0,0,1,0,1,2289.6,-2289.6,0,Missing Order Date,,,False,True,Rejected
115,2114,Women,Training,Flex Trainer,XL,1.0,3167.33,0.53,1488.65,,Retail,Pune,1567.37,1488.65,0,0,0,0,0,1,1488.65,0.0,1,Missing Order Date,,,False,False,Rejected
116,2115,Kids,Soccer,Phantom Gt,6,2.0,7607.45,0.5,0.0,,Online,Kolkata,1969.03,0.0,0,0,0,1,0,1,7607.45,-7607.45,0,Missing Order Date,,,False,True,Rejected
123,2122,Kids,Soccer,Mercurial Superfly,,2.0,6569.65,0.48,0.0,,Retail,Bengaluru,1078.48,0.0,0,1,1,1,0,1,6832.44,-6832.44,0,Missing Order Date,,,False,True,Rejected
129,2128,Women,Basketball,Lebron 20,L,3.0,8750.71,0.48,0.0,,Retail,Bengaluru,1411.29,0.0,1,0,0,1,0,1,13651.11,-13651.11,0,Missing Order Date,,,False,True,Rejected
130,2129,Men,Basketball,Zoom Freak,9,3.0,6435.66,0.48,0.0,,Retail,Delhi,841.4,0.0,1,0,1,1,0,1,10039.63,-10039.63,0,Missing Order Date,,,False,True,Rejected
132,2131,Kids,Running,Free Rn,XL,2.0,5561.82,0.48,0.0,,Retail,Mumbai,2227.48,0.0,1,0,0,1,0,1,5784.29,-5784.29,0,Missing Order Date,,,False,True,Rejected
133,2132,Men,Running,Free Rn,L,2.0,6293.58,0.5,0.0,,Online,Delhi,3882.22,0.0,0,0,1,1,0,1,6293.58,-6293.58,0,Missing Order Date,,,False,True,Rejected
153,2152,Women,Running,Free Rn,8,2.0,6293.58,0.5,0.0,,Online,Bengaluru,3819.41,0.0,1,0,1,1,0,1,6293.58,-6293.58,0,Missing Order Date,,,False,True,Rejected
156,2155,Men,Soccer,Phantom Gt,,3.0,6320.59,0.5,0.0,,Online,Hyderabad,1475.15,0.0,0,0,1,1,0,1,9480.88,-9480.88,0,Missing Order Date,,,False,True,Rejected
160,2159,Women,Training,Zoomx Invincible,XL,2.0,3987.65,0.48,0.0,,Retail,Delhi,2781.72,0.0,0,0,0,1,0,1,4147.16,-4147.16,0,Missing Order Date,,,False,True,Rejected
162,2161,Kids,Lifestyle,Waffle One,M,3.0,5119.41,0.8,0.0,,Online,Pune,1956.8,0.0,0,1,0,0,0,1,3071.65,-3071.65,0,Missing Order Date,,,False,True,Rejected
163,2162,Men,Lifestyle,Blazer Mid,8,2.5,7662.11,0.5,0.0,,Online,Mumbai,2398.55,0.0,1,0,0,1,0,1,9577.64,-9577.64,0,Missing Order Date,,,False,True,Rejected
168,2167,Men,Running,React Infinity,XL,3.0,3055.79,0.48,0.0,,Retail,Mumbai,1259.58,0.0,0,0,0,1,0,1,4767.03,-4767.03,0,Missing Order Date,,,False,True,Rejected
175,2174,Women,Soccer,Phantom Gt,L,2.0,3883.92,0.48,0.0,,Retail,Pune,428.5,0.0,1,0,0,1,0,1,4039.28,-4039.28,0,Missing Order Date,,,False,True,Rejected
176,2175,Women,Lifestyle,Blazer Mid,,2.5,6383.24,0.5,0.0,,Online,Pune,2457.78,0.0,1,0,1,0,1,1,7979.05,-7979.05,0,Missing Order Date,,,False,True,Rejected
183,2182,Kids,Basketball,Zoom Freak,11,2.0,7214.55,0.5,0.0,,Online,Mumbai,-662.77,0.0,1,0,0,1,0,1,7214.55,-7214.55,0,Missing Order Date,,,False,True,Rejected
184,2183,Kids,Lifestyle,Waffle One,M,3.0,5389.56,0.5,0.0,,Online,Pune,2927.93,0.0,1,0,0,1,0,1,8084.34,-8084.34,0,Missing Order Date,,,False,True,Rejected
185,2184,Men,Soccer,Mercurial Superfly,XL,4.0,6569.65,0.48,0.0,,Retail,Hyderabad,1980.73,0.0,0,0,1,1,0,1,13664.87,-13664.87,0,Missing Order Date,,,False,True,Rejected
187,2186,Men,Running,React Infinity,,3.0,6492.155000000001,0.48,0.0,,Retail,Bengaluru,540.83,0.0,0,1,1,1,0,1,10127.76,-10127.76,0,Missing Order Date,,,False,True,Rejected
189,2188,Men,Running,React Infinity,L,3.0,6492.155000000001,0.5,0.0,,Online,Pune,1278.03,0.0,0,1,1,1,0,1,9738.23,-9738.23,0,Missing Order Date,,,False,True,Rejected
191,2190,Kids,Basketball,Kyrie Flytrap,L,3.0,4280.01,0.66,0.0,,Online,Delhi,1949.77,0.0,1,0,0,0,0,1,4365.61,-4365.61,0,Missing Order Date,,,False,True,Rejected
196,2195,Women,Training,Superrep Go,,3.0,5280.57,0.51,0.0,,Online,Delhi,1041.81,0.0,1,0,1,0,0,1,7762.44,-7762.44,0,Missing Order Date,,,False,True,Rejected
200,2199,Men,Soccer,Premier Iii,M,1.0,5773.245,0.48,0.0,,Retail,Kolkata,389.94,0.0,0,0,1,1,0,1,3002.09,-3002.09,0,Missing Order Date,,,False,True,Rejected
201,2200,Men,Basketball,Air Jordan,9,3.0,5570.72,0.5,0.0,,Online,Delhi,1513.76,0.0,0,0,0,1,0,1,8356.08,-8356.08,0,Missing Order Date,,,False,True,Rejected
204,2203,Men,Lifestyle,Air Force 1,M,3.0,6903.22,0.5,0.0,,Online,Pune,1556.95,0.0,0,1,0,1,0,1,10354.83,-10354.83,0,Missing Order Date,,,False,True,Rejected
207,2206,Men,Training,Flex Trainer,M,2.0,6383.55,0.5,0.0,,Online,Delhi,-524.85,0.0,0,0,1,1,0,1,6383.55,-6383.55,0,Missing Order Date,,,False,True,Rejected
208,2207,Women,Running,Pegasus Turbo,XL,2.0,5644.675,0.5,0.0,,Online,Hyderabad,2101.41,0.0,1,0,1,1,0,1,5644.68,-5644.68,0,Missing Order Date,,,False,True,Rejected
209,2208,Women,Basketball,Lebron 20,M,3.0,5172.62,0.97,0.0,,Retail,Hyderabad,-1074.04,0.0,1,0,0,0,0,1,465.54,-465.54,0,Missing Order Date,,,False,True,Rejected
214,2213,Women,Running,Air Zoom,9,3.0,5714.92,0.5,0.0,,Online,Delhi,3741.14,0.0,1,0,0,1,0,1,8572.38,-8572.38,0,Missing Order Date,,,False,True,Rejected
215,2214,Men,Basketball,Lebron 20,XL,2.0,5016.03,0.48,0.0,,Retail,Mumbai,1446.0,0.0,0,0,0,1,0,1,5216.67,-5216.67,0,Missing Order Date,,,False,True,Rejected
217,2216,Women,Lifestyle,Air Force 1,M,1.0,3111.62,0.5,0.0,,Online,Hyderabad,2617.56,0.0,0,0,0,1,0,1,1555.81,-1555.81,0,Missing Order Date,,,False,True,Rejected
219,2218,Kids,Soccer,Premier Iii,6,2.0,5773.245,0.5,0.0,,Online,Bengaluru,1440.02,0.0,0,0,1,1,0,1,5773.24,-5773.24,0,Missing Order Date,,,False,True,Rejected
220,2219,Women,Basketball,Air Jordan,M,2.0,6235.71,0.5,0.0,,Online,Bengaluru,3305.72,0.0,0,1,1,0,1,1,6235.71,-6235.71,0,Missing Order Date,,,False,True,Rejected
226,2225,Kids,Basketball,Kyrie Flytrap,11,2.0,5066.14,0.48,0.0,,Retail,Hyderabad,1136.63,0.0,1,0,1,1,0,1,5268.79,-5268.79,0,Missing Order Date,,,False,True,Rejected
228,2021,Men,Running,React Infinity,XL,3.0,2180.71,0.82,0.0,,Retail,Hyderabad,2277.63,0.0,1,0,0,0,0,1,1177.58,-1177.58,0,Missing Order Date,Duplicate Order_ID,,True,True,Rejected
231,2230,Kids,Lifestyle,Dunk Low,10,2.5,6202.99,0.5,0.0,,Online,Bengaluru,781.56,0.0,1,0,1,1,0,1,7753.74,-7753.74,0,Missing Order Date,,,False,True,Rejected
234,2233,Men,Lifestyle,Air Force 1,XL,3.0,6323.09,0.5,0.0,,Online,Kolkata,2398.07,0.0,0,1,1,1,0,1,9484.64,-9484.64,0,Missing Order Date,,,False,True,Rejected
237,2236,Men,Soccer,Mercurial Superfly,M,2.5,6569.65,0.5,0.0,,Online,Delhi,880.62,0.0,1,0,1,1,0,1,8212.06,-8212.06,0,Missing Order Date,,,False,True,Rejected
239,2238,Kids,Training,Superrep Go,,3.0,4348.86,0.5,0.0,,Online,Delhi,662.02,0.0,0,0,0,1,0,1,6523.29,-6523.29,0,Missing Order Date,,,False,True,Rejected
243,2046,Kids,Basketball,Lebron 20,,3.0,4934.46,0.86,-690.82,,Retail,Kolkata,2237.95,-690.82,0,1,0,0,0,1,2072.47,-2763.29,0,Missing Order Date,Duplicate Order_ID,,True,True,Rejected
245,2244,Kids,Training,Metcon 7,L,2.0,5890.69,0.5,0.0,,Online,Delhi,1904.11,0.0,0,0,1,1,0,1,5890.69,-5890.69,0,Missing Order Date,,,False,True,Rejected
253,2252,Women,Running,Free Rn,L,2.0,6293.58,0.48,0.0,,Retail,Delhi,934.87,0.0,1,0,1,1,0,1,6545.32,-6545.32,0,Missing Order Date,,,False,True,Rejected
286,2285,Women,Basketball,Lebron 20,L,3.0,6431.1900000000005,0.48,0.0,,Retail,Delhi,2211.71,0.0,0,1,1,1,0,1,10032.66,-10032.66,0,Missing Order Date,,,False,True,Rejected
288,2287,Women,Running,React Infinity,9,3.0,6492.155000000001,0.5,0.0,,Online,Mumbai,-650.68,0.0,0,0,1,1,0,1,9738.23,-9738.23,0,Missing Order Date,,,False,True,Rejected
290,2289,Women,Running,Air Zoom,L,2.0,5550.99,0.51,0.0,,Retail,Mumbai,3161.45,0.0,1,0,1,0,0,1,5439.97,-5439.97,0,Missing Order Date,,,False,True,Rejected
292,2291,Women,Basketball,Lebron 20,L,3.0,6431.1900000000005,0.48,0.0,,Retail,Pune,2729.23,0.0,0,1,1,1,0,1,10032.66,-10032.66,0,Missing Order Date,,,False,True,Rejected
306,2305,Kids,Running,Pegasus Turbo,L,2.0,4803.7,0.08,0.0,,Retail,Mumbai,2794.61,0.0,1,0,0,0,0,1,8838.81,-8838.81,0,Missing Order Date,,,False,True,Rejected
314,2313,Women,Training,Superrep Go,M,3.0,5280.57,0.5,0.0,,Online,Delhi,480.74,0.0,0,1,1,1,0,1,7920.86,-7920.86,0,Missing Order Date,,,False,True,Rejected
317,2316,Men,Soccer,Phantom Gt,M,1.0,6320.59,0.39,0.0,,Retail,Delhi,3862.6,0.0,0,0,1,0,0,1,3855.56,-3855.56,0,Missing Order Date,,,False,True,Rejected
334,2333,Kids,Running,Free Rn,,2.0,4638.25,0.5,0.0,,Online,Hyderabad,-614.06,0.0,1,0,0,1,0,1,4638.25,-4638.25,0,Missing Order Date,,,False,True,Rejected
339,2338,Women,Soccer,Premier Iii,XL,2.5,5773.245,0.48,0.0,,Retail,Delhi,3529.93,0.0,1,0,1,1,0,1,7505.22,-7505.22,0,Missing Order Date,,,False,True,Rejected
340,2339,Women,Basketball,Lebron 20,L,4.0,6431.1900000000005,0.48,0.0,,Retail,Kolkata,3196.02,0.0,0,0,1,1,0,1,13376.88,-13376.88,0,Missing Order Date,,,False,True,Rejected
347,2346,Men,Soccer,Phantom Gt,7,2.0,6320.59,0.93,0.0,,Retail,Mumbai,324.45,0.0,1,0,0,0,0,1,884.88,-884.88,0,Missing Order Date,,,False,True,Rejected
360,2359,Men,Lifestyle,Waffle One,L,2.0,9836.48,0.34,-6492.08,,Retail,Pune,-874.96,-6492.08,0,1,0,0,0,1,12984.15,-19476.23,0,Missing Order Date,,,False,True,Rejected
365,2364,Women,Lifestyle,Dunk Low,M,2.5,6202.99,0.27,0.0,,Online,Delhi,1414.23,0.0,1,0,1,0,0,1,11320.46,-11320.46,0,Missing Order Date,,,False,True,Rejected
393,2392,Kids,Basketball,Zoom Freak,XL,3.0,8631.03,0.48,0.0,,Retail,Bengaluru,1356.18,0.0,1,0,0,1,0,1,13464.41,-13464.41,0,Missing Order Date,,,False,True,Rejected
394,2050,Kids,Training,Zoomx Invincible,L,2.0,6897.68,0.48,0.0,,Retail,Hyderabad,4.76,0.0,1,0,1,0,1,1,7173.59,-7173.59,0,Missing Order Date,Duplicate Order_ID,,True,True,Rejected
399,2398,Women,Soccer,Mercurial Superfly,L,2.0,4301.85,0.74,0.0,,Retail,Bengaluru,3888.42,0.0,1,0,0,0,0,1,2236.96,-2236.96,0,Missing Order Date,,,False,True,Rejected
412,2025,Men,Lifestyle,Blazer Mid,L,1.0,8903.17,0.48,0.0,,Retail,Kolkata,3808.81,0.0,0,0,0,1,0,1,4629.65,-4629.65,0,Missing Order Date,Duplicate Order_ID,,True,True,Rejected
413,2412,Kids,Lifestyle,Blazer Mid,XL,1.0,4920.3,0.14,4231.46,,Retail,Mumbai,1135.72,4231.46,0,0,0,0,0,1,4231.46,0.0,1,Missing Order Date,,,False,False,Rejected
414,2413,Men,Training,Flex Trainer,XL,3.0,7005.67,0.15,17864.46,,Retail,Kolkata,2329.98,17864.46,0,0,0,0,0,1,17864.46,0.0,1,Missing Order Date,,,False,False,Rejected
425,2424,Women,Basketball,Air Jordan,10,2.0,7634.65,0.5,0.0,,Online,Kolkata,1749.8,0.0,1,0,0,1,0,1,7634.65,-7634.65,0,Missing Order Date,,,False,True,Rejected
434,2433,Men,Basketball,Zoom Freak,,4.0,7154.83,0.48,0.0,,Retail,Pune,-620.53,0.0,0,0,0,1,0,1,14882.05,-14882.05,0,Missing Order Date,,,False,True,Rejected
437,2436,Kids,Basketball,Lebron 20,8,2.0,6431.1900000000005,0.81,0.0,,Online,Bengaluru,2213.84,0.0,0,1,1,0,0,1,2443.85,-2443.85,0,Missing Order Date,,,False,True,Rejected
442,2441,Women,Training,Metcon 7,XL,2.0,5890.69,0.48,0.0,,Retail,Pune,-219.02,0.0,1,0,1,0,1,1,6126.32,-6126.32,0,Missing Order Date,,,False,True,Rejected
447,2446,Men,Soccer,Mercurial Superfly,,2.5,8062.11,0.5,0.0,,Online,Kolkata,3198.97,0.0,1,0,0,1,0,1,10077.64,-10077.64,0,Missing Order Date,,,False,True,Rejected
453,2452,Men,Lifestyle,Dunk Low,XL,2.5,8780.66,0.5,0.0,,Online,Bengaluru,176.96,0.0,1,0,0,1,0,1,10975.82,-10975.82,0,Missing Order Date,,,False,True,Rejected
454,2453,Women,Running,React Infinity,M,3.0,9344.52,0.5,0.0,,Online,Pune,387.79,0.0,1,0,0,1,0,1,14016.78,-14016.78,0,Missing Order Date,,,False,True,Rejected
462,2461,Women,Basketball,Lebron 20,L,2.0,3939.92,0.63,0.0,,Online,Pune,3146.03,0.0,1,0,0,0,0,1,2915.54,-2915.54,0,Missing Order Date,,,False,True,Rejected
472,2471,Men,Basketball,Kyrie Flytrap,L,2.0,4527.64,0.48,0.0,,Retail,Pune,464.96,0.0,1,0,0,1,0,1,4708.75,-4708.75,0,Missing Order Date,,,False,True,Rejected
474,2473,Men,Training,Zoomx Invincible,,2.0,8752.02,0.48,0.0,,Retail,Pune,283.56,0.0,1,0,0,1,0,1,9102.1,-9102.1,0,Missing Order Date,,,False,True,Rejected
477,2476,Men,Soccer,Premier Iii,M,2.5,5773.245,0.48,0.0,,Retail,Pune,-627.07,0.0,1,0,1,0,1,1,7505.22,-7505.22,0,Missing Order Date,,,False,True,Rejected
480,2479,Women,Running,Air Zoom,,3.0,2708.99,0.5,0.0,,Online,Delhi,952.78,0.0,1,0,0,1,0,1,4063.48,-4063.48,0,Missing Order Date,,,False,True,Rejected
487,2486,Kids,Soccer,Mercurial Superfly,M,2.0,6569.65,0.33,0.0,,Retail,Hyderabad,1332.57,0.0,1,0,1,0,0,1,8803.33,-8803.33,0,Missing Order Date,,,False,True,Rejected
489,2488,Kids,Running,Free Rn,6,4.0,6387.51,0.48,0.0,,Retail,Kolkata,300.76,0.0,0,0,0,1,0,1,13286.02,-13286.02,0,Missing Order Date,,,False,True,Rejected
493,2492,Kids,Basketball,Lebron 20,L,2.0,6431.1900000000005,0.5,0.0,,Online,Kolkata,473.22,0.0,1,0,1,1,0,1,6431.19,-6431.19,0,Missing Order Date,,,False,True,Rejected
505,2504,Men,Basketball,Zoom Freak,,3.0,6435.66,0.5,0.0,,Online,Hyderabad,-278.07,0.0,0,0,1,1,0,1,9653.49,-9653.49,0,Missing Order Date,,,False,True,Rejected
509,2508,Kids,Soccer,Premier Iii,XL,1.0,5773.245,0.48,0.0,,Retail,Kolkata,1811.51,0.0,0,0,1,0,1,1,3002.09,-3002.09,0,Missing Order Date,,,False,True,Rejected
511,2510,Kids,Running,React Infinity,,3.0,2165.14,0.36,0.0,,Online,Mumbai,3012.1,0.0,0,1,0,0,0,1,4157.07,-4157.07,0,Missing Order Date,,,False,True,Rejected
513,2512,Men,Training,Metcon 7,M,2.0,6110.96,0.5,0.0,,Online,Kolkata,3074.69,0.0,1,0,0,1,0,1,6110.96,-6110.96,0,Missing Order Date,,,False,True,Rejected
516,2515,Women,Training,Superrep Go,,1.0,7532.24,0.48,0.0,,Retail,Pune,1060.53,0.0,0,0,0,1,0,1,3916.76,-3916.76,0,Missing Order Date,,,False,True,Rejected
518,2517,Men,Lifestyle,Air Force 1,7,1.0,3059.89,0.5,0.0,,Online,Hyderabad,1968.82,0.0,0,0,0,1,0,1,1529.94,-1529.94,0,Missing Order Date,,,False,True,Rejected
530,2529,Men,Running,React Infinity,XL,3.0,6492.155000000001,0.5,0.0,,Online,Kolkata,3008.62,0.0,1,0,1,1,0,1,9738.23,-9738.23,0,Missing Order Date,,,False,True,Rejected
535,2534,Women,Training,Superrep Go,M,3.0,5280.57,0.5,0.0,,Online,Pune,506.26,0.0,1,0,1,1,0,1,7920.86,-7920.86,0,Missing Order Date,,,False,True,Rejected
543,2542,Kids,Running,React Infinity,XL,3.0,6492.155000000001,0.18,0.0,,Retail,Hyderabad,-1115.89,0.0,1,0,1,0,0,1,15970.7,-15970.7,0,Missing Order Date,,,False,True,Rejected
544,2543,Women,Lifestyle,Waffle One,,2.0,5637.46,0.48,0.0,,Retail,Hyderabad,-244.09,0.0,1,0,1,1,0,1,5862.96,-5862.96,0,Missing Order Date,,,False,True,Rejected
545,2544,Men,Training,Zoomx Invincible,L,2.5,8856.07,0.5,0.0,,Online,Bengaluru,2069.93,0.0,1,0,0,1,0,1,11070.09,-11070.09,0,Missing Order Date,,,False,True,Rejected
550,2549,Men,Training,Flex Trainer,XL,2.0,4366.09,0.48,0.0,,Retail,Delhi,1696.1,0.0,1,0,0,1,0,1,4540.73,-4540.73,0,Missing Order Date,,,False,True,Rejected
552,2551,Men,Training,Zoomx Invincible,XL,2.0,6897.68,0.48,0.0,,Retail,Mumbai,853.25,0.0,1,0,1,1,0,1,7173.59,-7173.59,0,Missing Order Date,,,False,True,Rejected
556,2555,Women,Basketball,Kyrie Flytrap,7,2.0,2685.95,0.48,0.0,,Retail,Hyderabad,3675.97,0.0,1,0,0,1,0,1,2793.39,-2793.39,0,Missing Order Date,,,False,True,Rejected
557,2556,Kids,Lifestyle,Air Force 1,10,1.0,6323.09,0.48,0.0,,Retail,Kolkata,1327.26,0.0,0,0,1,1,0,1,3288.01,-3288.01,0,Missing Order Date,,,False,True,Rejected
559,2558,Kids,Basketball,Kyrie Flytrap,L,3.0,3134.87,0.5,0.0,,Online,Mumbai,-1077.81,0.0,0,1,0,1,0,1,4702.3,-4702.3,0,Missing Order Date,,,False,True,Rejected
583,2582,Men,Training,Metcon 7,M,2.0,5890.69,0.5,0.0,,Online,Kolkata,909.76,0.0,1,0,1,1,0,1,5890.69,-5890.69,0,Missing Order Date,,,False,True,Rejected
585,2584,Kids,Running,React Infinity,M,3.0,6492.155000000001,0.48,0.0,,Retail,Hyderabad,-123.93,0.0,0,1,1,1,0,1,10127.76,-10127.76,0,Missing Order Date,,,False,True,Rejected
588,2587,Women,Running,React Infinity,6,4.0,6492.155000000001,0.37,0.0,,Online,Bengaluru,-480.01,0.0,0,0,1,0,0,1,16360.23,-16360.23,0,Missing Order Date,,,False,True,Rejected
591,2590,Men,Soccer,Premier Iii,XL,2.5,5773.245,0.48,0.0,,Retail,Bengaluru,1766.46,0.0,1,0,1,1,0,1,7505.22,-7505.22,0,Missing Order Date,,,False,True,Rejected
600,2599,Kids,Training,Flex Trainer,12,4.0,6383.55,0.48,0.0,,Retail,Hyderabad,-562.31,0.0,0,0,1,1,0,1,13277.78,-13277.78,0,Missing Order Date,,,False,True,Rejected
609,2608,Women,Lifestyle,Waffle One,L,2.0,5637.46,0.5,0.0,,Online,Kolkata,354.67,0.0,0,0,1,1,0,1,5637.46,-5637.46,0,Missing Order Date,,,False,True,Rejected
612,2033,Kids,Soccer,Mercurial Superfly,M,4.0,6569.65,0.48,0.0,,Retail,Pune,2310.9,0.0,0,0,1,1,0,1,13664.87,-13664.87,0,Missing Order Date,Duplicate Order_ID,,True,True,Rejected
614,2613,Women,Lifestyle,Waffle One,7,3.0,4374.83,0.27,9580.88,,Retail,Delhi,1473.37,9580.88,0,0,0,0,0,1,9580.88,0.0,1,Missing Order Date,,,False,False,Rejected
618,2617,Kids,Soccer,Premier Iii,XL,2.0,5773.245,0.5,0.0,,Online,Delhi,2772.05,0.0,0,1,1,1,0,1,5773.24,-5773.24,0,Missing Order Date,,,False,True,Rejected
621,2620,Kids,Training,Flex Trainer,XL,3.0,6383.55,0.5,0.0,,Online,Hyderabad,3874.67,0.0,0,1,1,1,0,1,9575.33,-9575.33,0,Missing Order Date,,,False,True,Rejected
625,2624,Men,Lifestyle,Blazer Mid,XL,3.0,6383.24,0.48,0.0,,Retail,Bengaluru,2085.94,0.0,0,1,1,1,0,1,9957.85,-9957.85,0,Missing Order Date,,,False,True,Rejected
631,2630,Kids,Running,Pegasus Turbo,,2.0,5846.21,0.5,-233.85,,Online,Delhi,3880.6,-233.85,0,0,0,0,1,1,5846.21,-6080.06,0,Missing Order Date,,,False,True,Rejected
637,2636,Men,Basketball,Lebron 20,11,2.0,6431.1900000000005,0.5,0.0,,Online,Bengaluru,3269.14,0.0,1,0,1,1,0,1,6431.19,-6431.19,0,Missing Order Date,,,False,True,Rejected
645,2644,Men,Training,Superrep Go,M,1.0,2640.04,0.48,0.0,,Retail,Bengaluru,1466.96,0.0,0,0,0,1,0,1,1372.82,-1372.82,0,Missing Order Date,,,False,True,Rejected
648,2647,Women,Basketball,Zoom Freak,,4.0,6435.66,0.5,0.0,,Online,Mumbai,747.29,0.0,0,0,1,1,0,1,12871.32,-12871.32,0,Missing Order Date,,,False,True,Rejected
656,2655,Kids,Training,Superrep Go,10,2.5,4993.94,0.48,0.0,,Retail,Mumbai,2420.85,0.0,1,0,0,1,0,1,6492.12,-6492.12,0,Missing Order Date,,,False,True,Rejected
657,2656,Women,Soccer,Premier Iii,M,1.0,5246.43,0.48,0.0,,Retail,Bengaluru,1891.48,0.0,0,0,0,1,0,1,2728.14,-2728.14,0,Missing Order Date,,,False,True,Rejected
662,2661,Kids,Soccer,Tiempo Legend,XL,3.0,2006.63,0.5,0.0,,Online,Delhi,3171.69,0.0,1,0,0,1,0,1,3009.94,-3009.94,0,Missing Order Date,,,False,True,Rejected
663,2662,Kids,Training,Superrep Go,M,3.0,5280.57,0.5,0.0,,Online,Delhi,2104.46,0.0,0,1,1,1,0,1,7920.86,-7920.86,0,Missing Order Date,,,False,True,Rejected
666,2665,Men,Lifestyle,Waffle One,L,3.0,6140.7,0.5,0.0,,Online,Delhi,506.87,0.0,1,0,0,1,0,1,9211.05,-9211.05,0,Missing Order Date,,,False,True,Rejected
667,2666,Women,Soccer,Phantom Gt,M,2.0,3700.75,0.5,0.0,,Online,Kolkata,-963.73,0.0,1,0,0,1,0,1,3700.75,-3700.75,0,Missing Order Date,,,False,True,Rejected
670,2669,Women,Training,Flex Trainer,XL,2.0,6383.55,0.51,0.0,,Retail,Pune,1737.23,0.0,1,0,1,0,0,1,6255.88,-6255.88,0,Missing Order Date,,,False,True,Rejected
674,2673,Kids,Running,Pegasus Turbo,11,2.0,6891.25,0.63,0.0,,Retail,Pune,-742.85,0.0,1,0,0,0,0,1,5099.52,-5099.52,0,Missing Order Date,,,False,True,Rejected
678,2677,Men,Lifestyle,Air Force 1,M,2.0,5618.62,0.48,0.0,,Retail,Bengaluru,1745.96,0.0,0,0,0,1,0,1,5843.36,-5843.36,0,Missing Order Date,,,False,True,Rejected
682,2681,Women,Running,Pegasus Turbo,8,2.0,5996.09,0.5,0.0,,Online,Delhi,3597.08,0.0,1,0,0,1,0,1,5996.09,-5996.09,0,Missing Order Date,,,False,True,Rejected
692,2042,Men,Running,Air Zoom,,3.0,5550.99,0.8,0.0,,Online,Delhi,-151.26,0.0,1,0,1,0,0,1,3330.59,-3330.59,0,Missing Order Date,Duplicate Order_ID,,True,True,Rejected
699,2698,Men,Basketball,Lebron 20,XL,3.0,6431.1900000000005,0.02,0.0,,Retail,Mumbai,1680.5,0.0,1,0,1,0,0,1,18907.7,-18907.7,0,Missing Order Date,,,False,True,Rejected
705,2704,Women,Basketball,Lebron 20,L,2.0,5094.43,0.5,0.0,,Online,Hyderabad,1765.36,0.0,1,0,0,1,0,1,5094.43,-5094.43,0,Missing Order Date,,,False,True,Rejected
708,2707,Men,Running,Free Rn,XL,2.0,2996.2,0.49,0.0,,Online,Hyderabad,2913.41,0.0,1,0,0,0,0,1,3056.12,-3056.12,0,Missing Order Date,,,False,True,Rejected
711,2710,Women,Lifestyle,Blazer Mid,M,2.0,4669.75,0.48,0.0,,Retail,Bengaluru,-987.12,0.0,0,0,0,1,0,1,4856.54,-4856.54,0,Missing Order Date,,,False,True,Rejected
712,2711,Men,Soccer,Mercurial Superfly,7,2.0,6569.65,0.5,0.0,,Online,Delhi,756.18,0.0,0,0,1,1,0,1,6569.65,-6569.65,0,Missing Order Date,,,False,True,Rejected
719,2718,Men,Basketball,Lebron 20,7,3.0,8485.23,0.48,0.0,,Retail,Bengaluru,637.62,0.0,1,0,0,1,0,1,13236.96,-13236.96,0,Missing Order Date,,,False,True,Rejected
721,2720,Kids,Training,Zoomx Invincible,M,2.0,6897.68,0.48,0.0,,Retail,Delhi,2548.78,0.0,1,0,1,1,0,1,7173.59,-7173.59,0,Missing Order Date,,,False,True,Rejected
726,2012,Men,Lifestyle,Dunk Low,XL,3.0,2174.89,0.48,0.0,,Retail,Kolkata,-406.38,0.0,1,0,0,1,0,1,3392.83,-3392.83,0,Missing Order Date,Duplicate Order_ID,,True,True,Rejected
728,2727,Men,Lifestyle,Waffle One,M,3.0,6154.32,0.94,0.0,,Online,Kolkata,2004.4,0.0,1,0,0,0,0,1,1107.78,-1107.78,0,Missing Order Date,,,False,True,Rejected
731,2730,Women,Lifestyle,Dunk Low,,1.0,6202.99,0.5,0.0,,Online,Hyderabad,2140.93,0.0,0,0,1,1,0,1,3101.5,-3101.5,0,Missing Order Date,,,False,True,Rejected
741,2740,Women,Lifestyle,Air Force 1,XL,1.0,4922.19,0.48,0.0,,Retail,Bengaluru,3820.48,0.0,0,0,0,1,0,1,2559.54,-2559.54,0,Missing Order Date,,,False,True,Rejected
745,2744,Men,Running,Pegasus Turbo,,1.0,7951.27,0.48,0.0,,Retail,Delhi,-154.17,0.0,0,0,0,1,0,1,4134.66,-4134.66,0,Missing Order Date,,,False,True,Rejected
748,2747,Men,Soccer,Tiempo Legend,XL,4.0,2483.97,0.5,0.0,,Online,Delhi,-609.36,0.0,0,0,0,1,0,1,4967.94,-4967.94,0,Missing Order Date,,,False,True,Rejected
751,2750,Women,Lifestyle,Dunk Low,L,2.5,6202.99,0.5,0.0,,Online,Hyderabad,2924.09,0.0,1,0,1,1,0,1,7753.74,-7753.74,0,Missing Order Date,,,False,True,Rejected
759,2758,Women,Lifestyle,Waffle One,M,3.0,5637.46,0.5,0.0,,Online,Pune,3986.03,0.0,1,0,1,1,0,1,8456.19,-8456.19,0,Missing Order Date,,,False,True,Rejected
762,2761,Kids,Soccer,Premier Iii,M,4.0,5773.245,0.48,0.0,,Retail,Delhi,2588.03,0.0,0,0,1,1,0,1,12008.35,-12008.35,0,Missing Order Date,,,False,True,Rejected
763,2762,Women,Running,Pegasus Turbo,L,2.0,5644.675,0.48,0.0,,Retail,Mumbai,-355.55,0.0,0,0,1,1,0,1,5870.46,-5870.46,0,Missing Order Date,,,False,True,Rejected
775,2774,Women,Running,Free Rn,XL,2.0,6293.58,0.5,0.0,,Online,Bengaluru,585.97,0.0,1,0,1,1,0,1,6293.58,-6293.58,0,Missing Order Date,,,False,True,Rejected
776,2775,Men,Lifestyle,Air Force 1,,3.0,6323.09,0.73,0.0,,Online,Pune,2329.33,0.0,1,0,1,0,0,1,5121.7,-5121.7,0,Missing Order Date,,,False,True,Rejected
778,2777,Kids,Basketball,Air Jordan,XL,3.0,9062.25,0.48,0.0,,Retail,Kolkata,-9.69,0.0,1,0,0,1,0,1,14137.11,-14137.11,0,Missing Order Date,,,False,True,Rejected
781,2780,Men,Training,Metcon 7,6,1.0,4308.75,0.32,2929.95,,Online,Hyderabad,799.35,2929.95,0,0,0,0,0,1,2929.95,0.0,1,Missing Order Date,,,False,False,Rejected
783,2782,Women,Training,Zoomx Invincible,8,2.5,8292.37,0.5,0.0,,Online,Pune,-816.55,0.0,1,0,0,1,0,1,10365.46,-10365.46,0,Missing Order Date,,,False,True,Rejected
795,2794,Women,Soccer,Mercurial Superfly,,2.5,6569.65,0.5,0.0,,Online,Mumbai,3833.78,0.0,1,0,1,0,1,1,8212.06,-8212.06,0,Missing Order Date,,,False,True,Rejected
796,2795,Women,Running,React Infinity,L,3.0,6492.155000000001,0.48,0.0,,Retail,Delhi,-615.37,0.0,0,1,1,1,0,1,10127.76,-10127.76,0,Missing Order Date,,,False,True,Rejected
799,2798,Kids,Lifestyle,Dunk Low,M,3.0,8546.98,0.48,0.0,,Retail,Mumbai,430.88,0.0,1,0,0,1,0,1,13333.29,-13333.29,0,Missing Order Date,,,False,True,Rejected
805,2804,Kids,Running,Pegasus Turbo,XL,2.0,5644.675,0.5,0.0,,Online,Hyderabad,2270.96,0.0,0,1,1,1,0,1,5644.68,-5644.68,0,Missing Order Date,,,False,True,Rejected
809,2808,Women,Running,Pegasus Turbo,L,2.0,7810.49,0.5,0.0,,Online,Bengaluru,-65.85,0.0,0,1,0,1,0,1,7810.49,-7810.49,0,Missing Order Date,,,False,True,Rejected
810,2809,Women,Running,Free Rn,,2.0,3260.38,0.08,0.0,,Retail,Mumbai,-554.84,0.0,0,1,0,0,0,1,5999.1,-5999.1,0,Missing Order Date,,,False,True,Rejected
811,2810,Men,Running,Air Zoom,7,2.0,2943.44,0.53,2766.83,,Retail,Hyderabad,405.67,2766.83,0,0,0,0,0,1,2766.83,0.0,1,Missing Order Date,,,False,False,Rejected
814,2813,Men,Running,Free Rn,M,4.0,7450.8,0.5,0.0,,Online,Bengaluru,2098.29,0.0,0,0,0,1,0,1,14901.6,-14901.6,0,Missing Order Date,,,False,True,Rejected
816,2815,Kids,Training,Flex Trainer,L,3.0,6383.55,0.5,0.0,,Online,Kolkata,3281.98,0.0,0,1,1,0,1,1,9575.33,-9575.33,0,Missing Order Date,,,False,True,Rejected
826,2825,Kids,Training,Superrep Go,M,2.5,5280.57,0.48,0.0,,Retail,Pune,2322.87,0.0,1,0,1,1,0,1,6864.74,-6864.74,0,Missing Order Date,,,False,True,Rejected
827,2826,Kids,Lifestyle,Blazer Mid,M,2.0,6383.24,0.01,0.0,,Retail,Bengaluru,262.81,0.0,0,0,1,0,0,1,12638.82,-12638.82,0,Missing Order Date,,,False,True,Rejected
831,2830,Men,Basketball,Air Jordan,,2.0,8572.48,0.88,-1028.7,,Online,Delhi,1221.09,-1028.7,0,1,0,0,0,1,2057.4,-3086.1,0,Missing Order Date,,,False,True,Rejected
838,2837,Women,Running,Pegasus Turbo,L,2.0,8889.68,0.5,0.0,,Online,Mumbai,2191.17,0.0,1,0,0,1,0,1,8889.68,-8889.68,0,Missing Order Date,,,False,True,Rejected
842,2841,Men,Basketball,Lebron 20,M,1.0,4166.94,0.5,0.0,,Online,Delhi,2865.93,0.0,0,0,0,1,0,1,2083.47,-2083.47,0,Missing Order Date,,,False,True,Rejected
845,2844,Men,Lifestyle,Waffle One,,2.0,6495.53,0.23,10003.12,,Retail,Mumbai,-951.85,10003.12,0,0,0,0,0,1,10003.12,0.0,1,Missing Order Date,,,False,False,Rejected
853,2852,Kids,Running,React Infinity,8,3.0,6492.155000000001,0.5,0.0,,Online,Delhi,-234.16,0.0,1,0,1,1,0,1,9738.23,-9738.23,0,Missing Order Date,,,False,True,Rejected
860,2859,Women,Lifestyle,Air Force 1,7,3.0,6323.09,0.5,0.0,,Online,Pune,566.34,0.0,1,0,1,1,0,1,9484.64,-9484.64,0,Missing Order Date,,,False,True,Rejected
874,2873,Women,Running,Air Zoom,,2.0,9050.52,0.86,0.0,,Retail,Bengaluru,3364.79,0.0,1,0,0,0,0,1,2534.15,-2534.15,0,Missing Order Date,,,False,True,Rejected
879,2878,Women,Training,Zoomx Invincible,M,2.0,9213.58,0.48,0.0,,Retail,Hyderabad,3968.86,0.0,1,0,0,0,1,1,9582.12,-9582.12,0,Missing Order Date,,,False,True,Rejected
883,2882,Men,Training,Metcon 7,9,2.0,5890.69,0.9,0.0,,Retail,Kolkata,-127.44,0.0,0,0,1,0,0,1,1178.14,-1178.14,0,Missing Order Date,,,False,True,Rejected
886,2885,Women,Lifestyle,Blazer Mid,XL,3.0,7671.31,0.48,0.0,,Retail,Kolkata,3394.27,0.0,0,1,0,1,0,1,11967.24,-11967.24,0,Missing Order Date,,,False,True,Rejected
892,2891,Women,Running,Air Zoom,,2.0,5550.99,0.48,0.0,,Retail,Hyderabad,439.35,0.0,0,1,1,1,0,1,5773.03,-5773.03,0,Missing Order Date,,,False,True,Rejected
898,2897,Men,Lifestyle,Waffle One,,1.0,5637.46,0.11,0.0,,Retail,Kolkata,221.95,0.0,0,0,1,0,0,1,5017.34,-5017.34,0,Missing Order Date,,,False,True,Rejected
899,2898,Women,Running,Free Rn,6,1.0,6293.58,0.48,0.0,,Retail,Kolkata,-744.45,0.0,0,0,1,1,0,1,3272.66,-3272.66,0,Missing Order Date,,,False,True,Rejected
902,2005,Kids,Soccer,Mercurial Superfly,10,2.0,9794.84,0.48,0.0,,Retail,Hyderabad,2253.08,0.0,1,0,0,1,0,1,10186.63,-10186.63,0,Missing Order Date,Duplicate Order_ID,,True,True,Rejected
916,2915,Men,Basketball,Kyrie Flytrap,XL,1.0,4994.83,0.48,0.0,,Retail,Mumbai,629.34,0.0,0,0,0,1,0,1,2597.31,-2597.31,0,Missing Order Date,,,False,True,Rejected
921,2920,Kids,Soccer,Mercurial Superfly,9,2.0,5891.32,0.48,-2120.88,,Retail,Kolkata,345.7,-2120.88,0,0,0,0,1,1,6126.97,-8247.85,0,Missing Order Date,,,False,True,Rejected
924,2923,Women,Training,Metcon 7,XL,2.0,6991.93,0.5,0.0,,Online,Mumbai,-371.76,0.0,1,0,0,1,0,1,6991.93,-6991.93,0,Missing Order Date,,,False,True,Rejected
925,2924,Women,Basketball,Lebron 20,XL,3.0,8776.01,0.48,0.0,,Retail,Bengaluru,-71.05,0.0,1,0,0,1,0,1,13690.58,-13690.58,0,Missing Order Date,,,False,True,Rejected
926,2006,Men,Lifestyle,Waffle One,XL,4.0,6064.42,0.5,0.0,,Online,Hyderabad,2936.55,0.0,0,0,0,1,0,1,12128.84,-12128.84,0,Missing Order Date,Duplicate Order_ID,,True,True,Rejected
928,2927,Men,Training,Flex Trainer,L,2.0,6316.75,0.48,0.0,,Retail,Mumbai,1560.89,0.0,1,0,0,1,0,1,6569.42,-6569.42,0,Missing Order Date,,,False,True,Rejected
938,2937,Women,Training,Metcon 7,8,2.0,5890.69,0.5,0.0,,Online,Delhi,1558.24,0.0,1,0,1,0,1,1,5890.69,-5890.69,0,Missing Order Date,,,False,True,Rejected
940,2939,Women,Basketball,Air Jordan,XL,4.0,6858.76,0.48,0.0,,Retail,Mumbai,639.03,0.0,0,0,0,1,0,1,14266.22,-14266.22,0,Missing Order Date,,,False,True,Rejected
946,2945,Kids,Basketball,Lebron 20,XL,2.0,3519.94,0.5,0.0,,Online,Mumbai,3456.5,0.0,0,1,0,1,0,1,3519.94,-3519.94,0,Missing Order Date,,,False,True,Rejected
947,2946,Kids,Running,Free Rn,XL,2.0,5691.68,0.62,0.0,,Retail,Bengaluru,3129.43,0.0,1,0,0,0,0,1,4325.68,-4325.68,0,Missing Order Date,,,False,True,Rejected
951,2950,Women,Running,React Infinity,M,3.0,9151.36,0.5,0.0,,Online,Pune,2540.27,0.0,1,0,0,1,0,1,13727.04,-13727.04,0,Missing Order Date,,,False,True,Rejected
952,2036,Women,Soccer,Premier Iii,XL,2.0,5773.245,0.76,0.0,,Online,Mumbai,2469.75,0.0,0,0,1,0,0,1,2771.16,-2771.16,0,Missing Order Date,Duplicate Order_ID,,True,True,Rejected
955,2954,Women,Training,Flex Trainer,L,2.0,4709.79,0.48,0.0,,Retail,Pune,3397.29,0.0,0,1,0,1,0,1,4898.18,-4898.18,0,Missing Order Date,,,False,True,Rejected
960,2959,Women,Training,Superrep Go,M,2.5,5280.57,0.48,0.0,,Retail,Delhi,3166.22,0.0,1,0,1,1,0,1,6864.74,-6864.74,0,Missing Order Date,,,False,True,Rejected
961,2960,Men,Training,Zoomx Invincible,M,2.0,6897.68,0.48,0.0,,Retail,Hyderabad,2620.93,0.0,1,0,1,1,0,1,7173.59,-7173.59,0,Missing Order Date,,,False,True,Rejected
963,2962,Women,Lifestyle,Air Force 1,9,3.0,2446.23,0.5,0.0,,Online,Hyderabad,727.92,0.0,0,1,0,1,0,1,3669.34,-3669.34,0,Missing Order Date,,,False,True,Rejected
968,2035,Men,Lifestyle,Dunk Low,L,3.0,3598.07,0.48,0.0,,Retail,Kolkata,3466.33,0.0,1,0,0,0,1,1,5612.99,-5612.99,0,Missing Order Date,Duplicate Order_ID,,True,True,Rejected
971,2970,Men,Basketball,Air Jordan,,2.0,6235.71,0.5,0.0,,Online,Bengaluru,-617.91,0.0,1,0,1,1,0,1,6235.71,-6235.71,0,Missing Order Date,,,False,True,Rejected
975,2974,Men,Running,Pegasus Turbo,,3.0,5644.675,0.5,0.0,,Online,Bengaluru,-29.28,0.0,0,0,1,0,1,1,8467.01,-8467.01,0,Missing Order Date,,,False,True,Rejected
978,2977,Kids,Training,Zoomx Invincible,8,3.0,2959.26,0.37,5593.0,,Online,Kolkata,-821.76,5593.0,0,0,0,0,0,1,5593.0,0.0,1,Missing Order Date,,,False,False,Rejected
980,2979,Men,Soccer,Mercurial Superfly,,2.0,6569.65,0.48,0.0,,Retail,Bengaluru,762.54,0.0,1,0,1,1,0,1,6832.44,-6832.44,0,Missing Order Date,,,False,True,Rejected
981,2980,Women,Running,React Infinity,L,4.0,8899.81,0.48,0.0,,Retail,Bengaluru,3075.35,0.0,0,0,0,1,0,1,18511.6,-18511.6,0,Missing Order Date,,,False,True,Rejected
984,2983,Women,Running,Pegasus Turbo,XL,2.0,8203.8,0.03,0.0,,Retail,Bengaluru,2968.2,0.0,1,0,0,0,0,1,15915.37,-15915.37,0,Missing Order Date,,,False,True,Rejected
992,2991,Men,Training,Superrep Go,M,2.5,4004.4,0.48,0.0,,Retail,Pune,3772.99,0.0,1,0,0,0,1,1,5205.72,-5205.72,0,Missing Order Date,,,False,True,Rejected
996,2995,Kids,Lifestyle,Blazer Mid,L,2.5,8679.97,0.5,0.0,,Online,Delhi,-651.61,0.0,1,0,0,1,0,1,10849.96,-10849.96,0,Missing Order Date,,,False,True,Rejected
1000,2033,Women,Soccer,Premier Iii,,2.0,5773.245,0.39,0.0,,Online,Kolkata,400.37,0.0,0,1,1,0,0,1,7043.36,-7043.36,0,Missing Order Date,Duplicate Order_ID,,True,True,Rejected
1001,3000,Kids,Running,Free Rn,M,1.0,6293.58,0.48,0.0,,Retail,Mumbai,-1110.62,0.0,0,0,1,1,0,1,3272.66,-3272.66,0,Missing Order Date,,,False,True,Rejected
1005,3004,Men,Training,Zoomx Invincible,XL,2.0,6897.68,0.48,0.0,,Retail,Pune,2708.1,0.0,0,0,0,1,0,1,7173.59,-7173.59,0,Missing Order Date,,,False,True,Rejected
1007,3006,Kids,Lifestyle,Blazer Mid,8,4.0,6383.24,0.89,0.0,,Online,Pune,1932.88,0.0,0,0,1,0,0,1,2808.63,-2808.63,0,Missing Order Date,,,False,True,Rejected
1009,3008,Men,Soccer,Phantom Gt,,2.0,6320.59,0.28,0.0,,Online,Pune,401.12,0.0,1,0,1,0,0,1,9101.65,-9101.65,0,Missing Order Date,,,False,True,Rejected
1012,3011,Women,Running,Pegasus Turbo,7,1.0,5644.675,0.5,0.0,,Retail,Hyderabad,3074.24,0.0,0,0,1,0,0,1,2822.34,-2822.34,0,Missing Order Date,,,False,True,Rejected
1013,3012,Men,Lifestyle,Blazer Mid,L,2.0,3758.51,0.48,0.0,,Retail,Hyderabad,94.77,0.0,0,0,0,1,0,1,3908.85,-3908.85,0,Missing Order Date,,,False,True,Rejected
1016,3015,Women,Running,React Infinity,,3.0,6492.155000000001,0.5,0.0,,Online,Kolkata,2688.31,0.0,0,1,1,1,0,1,9738.23,-9738.23,0,Missing Order Date,,,False,True,Rejected
1018,3017,Women,Basketball,Lebron 20,6,3.0,8240.15,0.48,0.0,,Retail,Delhi,3355.12,0.0,1,0,0,1,0,1,12854.63,-12854.63,0,Missing Order Date,,,False,True,Rejected
1021,3020,Kids,Lifestyle,Dunk Low,L,1.0,6153.37,0.48,0.0,,Retail,Hyderabad,493.35,0.0,0,0,0,1,0,1,3199.75,-3199.75,0,Missing Order Date,,,False,True,Rejected
1030,3029,Kids,Training,Zoomx Invincible,M,2.0,6897.68,0.48,0.0,,Retail,Bengaluru,2696.49,0.0,1,0,1,1,0,1,7173.59,-7173.59,0,Missing Order Date,,,False,True,Rejected
1035,3034,Men,Soccer,Premier Iii,M,2.0,5773.245,0.79,0.0,,Online,Pune,460.06,0.0,0,0,1,0,0,1,2424.76,-2424.76,0,Missing Order Date,,,False,True,Rejected
1036,3035,Kids,Training,Flex Trainer,12,4.0,9625.47,0.48,0.0,,Retail,Hyderabad,-419.24,0.0,0,0,0,1,0,1,20020.98,-20020.98,0,Missing Order Date,,,False,True,Rejected
1043,3042,Men,Lifestyle,Air Force 1,M,1.0,6323.09,0.5,0.0,,Online,Delhi,3750.11,0.0,0,0,1,1,0,1,3161.54,-3161.54,0,Missing Order Date,,,False,True,Rejected
1045,3044,Kids,Lifestyle,Air Force 1,7,3.0,4222.2,0.48,0.0,,Retail,Hyderabad,931.4,0.0,0,0,0,1,0,1,6586.63,-6586.63,0,Missing Order Date,,,False,True,Rejected
1046,3045,Kids,Soccer,Premier Iii,XL,1.0,2196.2,0.48,0.0,,Retail,Bengaluru,3809.54,0.0,0,0,0,1,0,1,1142.02,-1142.02,0,Missing Order Date,,,False,True,Rejected
1051,3050,Kids,Basketball,Kyrie Flytrap,,4.0,5066.14,0.5,0.0,,Online,Delhi,205.25,0.0,0,0,1,1,0,1,10132.28,-10132.28,0,Missing Order Date,,,False,True,Rejected
1056,2048,Kids,Basketball,Lebron 20,XL,2.0,5357.49,0.5,0.0,,Online,Pune,-548.0,0.0,1,0,0,1,0,1,5357.49,-5357.49,0,Missing Order Date,Duplicate Order_ID,,True,True,Rejected
1057,3056,Men,Training,Zoomx Invincible,12,2.5,6897.68,0.5,0.0,,Online,Mumbai,544.14,0.0,1,0,1,1,0,1,8622.1,-8622.1,0,Missing Order Date,,,False,True,Rejected
1062,3061,Kids,Running,Pegasus Turbo,XL,2.0,5644.675,0.48,0.0,,Retail,Mumbai,-549.05,0.0,1,0,1,1,0,1,5870.46,-5870.46,0,Missing Order Date,,,False,True,Rejected
1066,3065,Women,Running,Free Rn,12,2.0,6293.58,0.5,0.0,,Online,Kolkata,3909.92,0.0,1,0,1,1,0,1,6293.58,-6293.58,0,Missing Order Date,,,False,True,Rejected
1071,3070,Women,Running,Air Zoom,M,3.0,6737.19,0.5,0.0,,Online,Hyderabad,2150.16,0.0,1,0,0,0,1,1,10105.78,-10105.78,0,Missing Order Date,,,False,True,Rejected
1075,3074,Women,Running,Free Rn,M,2.0,6293.58,0.5,0.0,,Online,Hyderabad,1216.34,0.0,1,0,1,1,0,1,6293.58,-6293.58,0,Missing Order Date,,,False,True,Rejected
1077,2044,Kids,Lifestyle,Blazer Mid,9,2.5,4032.43,0.5,0.0,,Online,Hyderabad,2059.4,0.0,1,0,0,1,0,1,5040.54,-5040.54,0,Missing Order Date,Duplicate Order_ID,,True,True,Rejected
1078,3077,Men,Lifestyle,Dunk Low,XL,2.5,6202.99,0.46,0.0,,Online,Pune,3700.77,0.0,1,0,1,0,0,1,8374.04,-8374.04,0,Missing Order Date,,,False,True,Rejected
1081,3080,Kids,Running,Air Zoom,L,4.0,3317.71,0.5,0.0,,Online,Hyderabad,-198.0,0.0,0,0,0,1,0,1,6635.42,-6635.42,0,Missing Order Date,,,False,True,Rejected
1085,3084,Women,Lifestyle,Blazer Mid,L,3.0,8955.52,0.48,0.0,,Retail,Pune,491.85,0.0,1,0,0,1,0,1,13970.61,-13970.61,0,Missing Order Date,,,False,True,Rejected
1086,3085,Men,Soccer,Phantom Gt,L,2.0,6320.59,0.5,0.0,,Online,Delhi,2484.31,0.0,1,0,1,0,1,1,6320.59,-6320.59,0,Missing Order Date,,,False,True,Rejected
1087,3086,Kids,Basketball,Kyrie Flytrap,9,2.0,5066.14,0.48,0.0,,Retail,Bengaluru,-592.41,0.0,0,1,1,0,1,1,5268.79,-5268.79,0,Missing Order Date,,,False,True,Rejected
1089,3088,Kids,Training,Zoomx Invincible,XL,3.0,6897.68,0.5,0.0,,Online,Delhi,2418.74,0.0,0,0,1,1,0,1,10346.52,-10346.52,0,Missing Order Date,,,False,True,Rejected
1110,3109,Men,Running,React Infinity,XL,3.0,6323.74,0.8,0.0,,Retail,Kolkata,492.62,0.0,1,0,0,0,0,1,3794.24,-3794.24,0,Missing Order Date,,,False,True,Rejected
1112,3111,Women,Basketball,Air Jordan,XL,3.0,6235.71,0.48,0.0,,Retail,Hyderabad,2732.23,0.0,0,0,1,1,0,1,9727.71,-9727.71,0,Missing Order Date,,,False,True,Rejected
1113,3112,Men,Basketball,Kyrie Flytrap,L,1.0,5066.14,0.49,0.0,,Retail,Delhi,-532.65,0.0,0,0,1,0,0,1,2583.73,-2583.73,0,Missing Order Date,,,False,True,Rejected
1114,3113,Women,Soccer,Tiempo Legend,11,3.0,6045.785,0.5,0.0,,Online,Bengaluru,1328.68,0.0,1,0,1,1,0,1,9068.68,-9068.68,0,Missing Order Date,,,False,True,Rejected
1116,3115,Men,Running,React Infinity,6,4.0,6492.155000000001,0.48,0.0,,Retail,Delhi,693.29,0.0,0,0,1,1,0,1,13503.68,-13503.68,0,Missing Order Date,,,False,True,Rejected
1119,3118,Kids,Lifestyle,Air Force 1,8,3.0,6323.09,0.5,0.0,,Online,Bengaluru,2058.99,0.0,1,0,1,1,0,1,9484.64,-9484.64,0,Missing Order Date,,,False,True,Rejected
1121,3120,Kids,Basketball,Kyrie Flytrap,XL,2.0,8869.93,0.48,0.0,,Retail,Bengaluru,551.46,0.0,1,0,0,1,0,1,9224.73,-9224.73,0,Missing Order Date,,,False,True,Rejected
1123,3122,Women,Basketball,Air Jordan,8,1.0,5835.6,0.5,-233.42,,Online,Kolkata,-1197.6,-233.42,0,0,0,0,1,1,2917.8,-3151.22,0,Missing Order Date,,,False,True,Rejected
1129,3128,Men,Running,Air Zoom,M,2.0,5550.99,0.48,0.0,,Retail,Kolkata,2219.82,0.0,1,0,1,1,0,1,5773.03,-5773.03,0,Missing Order Date,,,False,True,Rejected
1137,3136,Kids,Lifestyle,Blazer Mid,,3.0,6383.24,0.48,0.0,,Retail,Mumbai,-518.65,0.0,1,0,1,1,0,1,9957.85,-9957.85,0,Missing Order Date,,,False,True,Rejected
1140,3139,Kids,Lifestyle,Blazer Mid,XL,2.5,9682.46,0.5,0.0,,Online,Bengaluru,3095.64,0.0,1,0,0,1,0,1,12103.08,-12103.08,0,Missing Order Date,,,False,True,Rejected
1142,3141,Women,Training,Zoomx Invincible,11,2.0,6897.68,0.48,0.0,,Retail,Kolkata,-734.72,0.0,0,1,1,1,0,1,7173.59,-7173.59,0,Missing Order Date,,,False,True,Rejected
1149,3148,Kids,Soccer,Tiempo Legend,8,3.0,6045.785,0.48,0.0,,Retail,Bengaluru,1125.29,0.0,0,0,1,1,0,1,9431.42,-9431.42,0,Missing Order Date,,,False,True,Rejected
1150,3149,Kids,Soccer,Premier Iii,L,2.5,5773.245,0.48,0.0,,Retail,Kolkata,3435.01,0.0,1,0,1,1,0,1,7505.22,-7505.22,0,Missing Order Date,,,False,True,Rejected
1153,3152,Kids,Running,Free Rn,,2.0,2415.31,0.48,0.0,,Retail,Delhi,2077.98,0.0,1,0,0,1,0,1,2511.92,-2511.92,0,Missing Order Date,,,False,True,Rejected
1156,3155,Women,Lifestyle,Waffle One,L,2.0,5637.46,0.48,0.0,,Retail,Bengaluru,2013.96,0.0,1,0,1,1,0,1,5862.96,-5862.96,0,Missing Order Date,,,False,True,Rejected
1158,3157,Kids,Running,Pegasus Turbo,7,2.0,2991.75,0.5,0.0,,Online,Bengaluru,-92.45,0.0,1,0,0,0,1,1,2991.75,-2991.75,0,Missing Order Date,,,False,True,Rejected
1159,3158,Kids,Lifestyle,Air Force 1,12,2.0,6323.09,0.5,0.0,,Online,Pune,324.37,0.0,0,0,1,1,0,1,6323.09,-6323.09,0,Missing Order Date,,,False,True,Rejected
1168,3167,Women,Basketball,Zoom Freak,12,2.0,3212.74,0.5,0.0,,Online,Hyderabad,3517.65,0.0,1,0,0,1,0,1,3212.74,-3212.74,0,Missing Order Date,,,False,True,Rejected
1175,3174,Men,Soccer,Phantom Gt,,2.0,6320.59,0.5,0.0,,Online,Hyderabad,1570.71,0.0,1,0,1,0,1,1,6320.59,-6320.59,0,Missing Order Date,,,False,True,Rejected
1178,3177,Kids,Lifestyle,Air Force 1,L,3.0,7042.12,0.89,2323.9,,Online,Mumbai,-411.55,2323.9,0,0,0,0,0,1,2323.9,0.0,1,Missing Order Date,,,False,False,Rejected
1182,3181,Women,Running,Air Zoom,XL,1.0,5550.99,0.48,0.0,,Retail,Delhi,2808.0,0.0,0,0,1,1,0,1,2886.51,-2886.51,0,Missing Order Date,,,False,True,Rejected
1183,3182,Men,Soccer,Premier Iii,L,2.5,5773.245,0.48,0.0,,Retail,Mumbai,42.14,0.0,1,0,1,1,0,1,7505.22,-7505.22,0,Missing Order Date,,,False,True,Rejected
1184,3183,Kids,Soccer,Phantom Gt,XL,2.0,8074.82,0.48,0.0,,Retail,Mumbai,2968.78,0.0,0,0,0,1,0,1,8397.81,-8397.81,0,Missing Order Date,,,False,True,Rejected
1191,3190,Women,Soccer,Phantom Gt,7,2.0,6320.59,0.5,0.0,,Online,Kolkata,457.93,0.0,1,0,1,1,0,1,6320.59,-6320.59,0,Missing Order Date,,,False,True,Rejected
1197,3196,Women,Training,Zoomx Invincible,11,1.0,6897.68,0.48,0.0,,Retail,Kolkata,425.5,0.0,0,0,1,1,0,1,3586.79,-3586.79,0,Missing Order Date,,,False,True,Rejected
1198,3197,Men,Training,Metcon 7,M,2.0,5890.69,0.5,0.0,,Online,Delhi,751.76,0.0,0,1,1,1,0,1,5890.69,-5890.69,0,Missing Order Date,,,False,True,Rejected
1199,3198,Women,Running,Air Zoom,XL,3.0,5550.99,0.5,0.0,,Online,Delhi,2009.69,0.0,1,0,1,1,0,1,8326.48,-8326.48,0,Missing Order Date,,,False,True,Rejected
1200,3199,Women,Training,Zoomx Invincible,,2.5,6897.68,0.5,0.0,,Online,Kolkata,3873.48,0.0,1,0,1,1,0,1,8622.1,-8622.1,0,Missing Order Date,,,False,True,Rejected
1201,3200,Men,Soccer,Premier Iii,L,2.5,6308.83,0.48,0.0,,Retail,Pune,-582.02,0.0,1,0,0,1,0,1,8201.48,-8201.48,0,Missing Order Date,,,False,True,Rejected
1202,3201,Women,Training,Flex Trainer,L,2.0,9608.99,0.48,0.0,,Retail,Mumbai,2866.39,0.0,1,0,0,1,0,1,9993.35,-9993.35,0,Missing Order Date,,,False,True,Rejected
1203,3202,Kids,Running,Pegasus Turbo,10,2.0,8926.14,0.5,0.0,,Online,Bengaluru,1565.51,0.0,1,0,0,1,0,1,8926.14,-8926.14,0,Missing Order Date,,,False,True,Rejected
1208,3207,Kids,Training,Superrep Go,,2.0,5280.57,0.48,0.0,,Retail,Pune,3909.06,0.0,0,0,1,1,0,1,5491.79,-5491.79,0,Missing Order Date,,,False,True,Rejected
1211,3210,Women,Training,Superrep Go,M,4.0,6344.63,0.5,0.0,,Online,Mumbai,160.73,0.0,0,0,0,1,0,1,12689.26,-12689.26,0,Missing Order Date,,,False,True,Rejected
1224,3223,Men,Soccer,Mercurial Superfly,M,2.5,6569.65,0.5,0.0,,Online,Delhi,3088.54,0.0,1,0,1,1,0,1,8212.06,-8212.06,0,Missing Order Date,,,False,True,Rejected
1228,3227,Women,Training,Zoomx Invincible,7,1.0,6897.68,0.2,0.0,,Online,Delhi,-604.23,0.0,0,0,1,0,0,1,5518.14,-5518.14,0,Missing Order Date,,,False,True,Rejected
1231,3230,Men,Soccer,Phantom Gt,XL,2.0,7398.98,0.87,0.0,,Retail,Delhi,3634.75,0.0,1,0,0,0,0,1,1923.73,-1923.73,0,Missing Order Date,,,False,True,Rejected
1236,3235,Women,Training,Superrep Go,,2.5,5280.57,0.75,0.0,,Retail,Hyderabad,1899.62,0.0,0,1,1,0,0,1,3300.36,-3300.36,0,Missing Order Date,,,False,True,Rejected
1239,3238,Women,Training,Superrep Go,XL,1.0,4420.21,0.32,3005.74,,Retail,Mumbai,705.58,3005.74,0,0,0,0,0,1,3005.74,0.0,1,Missing Order Date,,,False,False,Rejected
1240,3239,Men,Running,Pegasus Turbo,XL,2.0,5644.675,0.48,0.0,,Retail,Mumbai,1810.07,0.0,0,1,1,1,0,1,5870.46,-5870.46,0,Missing Order Date,,,False,True,Rejected
1248,3247,Men,Training,Zoomx Invincible,,1.0,5888.37,0.5,0.0,,Online,Mumbai,3687.47,0.0,0,0,0,1,0,1,2944.18,-2944.18,0,Missing Order Date,,,False,True,Rejected
1257,3256,Men,Training,Superrep Go,M,2.5,4814.32,0.48,0.0,,Retail,Hyderabad,-583.08,0.0,1,0,0,1,0,1,6258.62,-6258.62,0,Missing Order Date,,,False,True,Rejected
1259,3258,Men,Lifestyle,Dunk Low,M,2.5,6202.99,0.5,0.0,,Online,Mumbai,853.35,0.0,0,1,1,1,0,1,7753.74,-7753.74,0,Missing Order Date,,,False,True,Rejected
1267,2006,Kids,Training,Flex Trainer,7,3.0,6383.55,0.48,0.0,,Retail,Delhi,-573.18,0.0,0,0,1,1,0,1,9958.34,-9958.34,0,Missing Order Date,Duplicate Order_ID,,True,True,Rejected
1273,3272,Men,Lifestyle,Blazer Mid,8,3.0,6383.24,0.48,0.0,,Retail,Hyderabad,-321.24,0.0,1,0,1,1,0,1,9957.85,-9957.85,0,Missing Order Date,,,False,True,Rejected
1282,3281,Men,Soccer,Mercurial Superfly,L,2.0,6075.6,0.48,0.0,,Retail,Pune,93.8,0.0,0,0,0,1,0,1,6318.62,-6318.62,0,Missing Order Date,,,False,True,Rejected
1288,3287,Kids,Running,Free Rn,,2.0,6293.58,0.48,0.0,,Retail,Mumbai,-1184.98,0.0,1,0,1,0,1,1,6545.32,-6545.32,0,Missing Order Date,,,False,True,Rejected
1291,3290,Kids,Lifestyle,Air Force 1,XL,2.0,7377.71,0.5,0.0,,Online,Pune,2588.85,0.0,0,0,0,1,0,1,7377.71,-7377.71,0,Missing Order Date,,,False,True,Rejected
1292,3291,Women,Running,Free Rn,XL,2.0,6293.58,0.48,0.0,,Retail,Hyderabad,-231.54,0.0,1,0,1,1,0,1,6545.32,-6545.32,0,Missing Order Date,,,False,True,Rejected
1294,3293,Kids,Lifestyle,Blazer Mid,,2.5,6383.24,0.5,0.0,,Online,Kolkata,1013.24,0.0,1,0,1,1,0,1,7979.05,-7979.05,0,Missing Order Date,,,False,True,Rejected
1295,3294,Women,Basketball,Lebron 20,,3.0,6431.1900000000005,0.48,0.0,,Retail,Kolkata,-101.37,0.0,1,0,1,1,0,1,10032.66,-10032.66,0,Missing Order Date,,,False,True,Rejected
1297,2021,Kids,Running,React Infinity,12,4.0,6492.155000000001,0.5,0.0,,Online,Hyderabad,2465.98,0.0,0,0,1,1,0,1,12984.31,-12984.31,0,Missing Order Date,Duplicate Order_ID,,True,True,Rejected
1299,3298,Men,Training,Zoomx Invincible,,4.0,9716.03,0.5,0.0,,Online,Mumbai,2961.23,0.0,0,0,0,1,0,1,19432.06,-19432.06,0,Missing Order Date,,,False,True,Rejected
1300,3299,Men,Basketball,Kyrie Flytrap,,2.0,5066.14,0.68,0.0,,Retail,Bengaluru,1517.07,0.0,1,0,1,0,0,1,3242.33,-3242.33,0,Missing Order Date,,,False,True,Rejected
1302,3301,Women,Lifestyle,Waffle One,L,2.0,4492.46,0.48,0.0,,Retail,Hyderabad,1018.52,0.0,0,1,0,1,0,1,4672.16,-4672.16,0,Missing Order Date,,,False,True,Rejected
1314,3313,Kids,Basketball,Kyrie Flytrap,8,2.0,9460.52,0.48,0.0,,Retail,Hyderabad,-476.54,0.0,0,1,0,1,0,1,9838.94,-9838.94,0,Missing Order Date,,,False,True,Rejected
1315,3314,Men,Training,Zoomx Invincible,9,2.0,7050.14,0.48,0.0,,Retail,Hyderabad,-815.54,0.0,0,0,0,1,0,1,7332.15,-7332.15,0,Missing Order Date,,,False,True,Rejected
1316,3315,Women,Training,Metcon 7,XL,2.0,5890.69,0.48,0.0,,Retail,Bengaluru,1345.26,0.0,1,0,1,1,0,1,6126.32,-6126.32,0,Missing Order Date,,,False,True,Rejected
1318,3317,Kids,Basketball,Air Jordan,10,3.0,6235.71,0.5,0.0,,Online,Hyderabad,3852.52,0.0,0,0,1,1,0,1,9353.56,-9353.56,0,Missing Order Date,,,False,True,Rejected
1331,3330,Women,Training,Metcon 7,M,2.0,5890.69,0.85,0.0,,Online,Kolkata,1714.75,0.0,0,1,1,0,0,1,1767.21,-1767.21,0,Missing Order Date,,,False,True,Rejected
1332,3331,Kids,Soccer,Phantom Gt,L,2.0,9040.55,0.48,0.0,,Retail,Mumbai,2233.57,0.0,0,1,0,1,0,1,9402.17,-9402.17,0,Missing Order Date,,,False,True,Rejected
1333,3332,Men,Training,Superrep Go,L,2.5,3106.54,0.48,0.0,,Retail,Pune,3793.25,0.0,1,0,0,1,0,1,4038.5,-4038.5,0,Missing Order Date,,,False,True,Rejected
1334,3333,Kids,Training,Superrep Go,L,2.0,5280.57,0.48,0.0,,Retail,Kolkata,1519.97,0.0,0,0,1,1,0,1,5491.79,-5491.79,0,Missing Order Date,,,False,True,Rejected
1346,2048,Men,Lifestyle,Blazer Mid,XL,2.5,6383.24,0.5,0.0,,Online,Bengaluru,1635.47,0.0,1,0,1,1,0,1,7979.05,-7979.05,0,Missing Order Date,Duplicate Order_ID,,True,True,Rejected
1347,3346,Kids,Training,Superrep Go,12,4.0,5280.57,0.15,0.0,,Retail,Delhi,3392.46,0.0,0,0,1,0,0,1,17953.94,-17953.94,0,Missing Order Date,,,False,True,Rejected
1348,3347,Men,Training,Zoomx Invincible,L,2.5,4389.44,0.5,0.0,,Online,Mumbai,1546.55,0.0,1,0,0,1,0,1,5486.8,-5486.8,0,Missing Order Date,,,False,True,Rejected
1350,3349,Men,Training,Zoomx Invincible,M,2.0,8180.92,0.48,0.0,,Retail,Hyderabad,-481.2,0.0,0,1,0,0,1,1,8508.16,-8508.16,0,Missing Order Date,,,False,True,Rejected
1352,3351,Men,Training,Superrep Go,,3.0,5319.24,0.48,0.0,,Online,Kolkata,-382.32,0.0,1,0,0,0,0,1,8298.01,-8298.01,0,Missing Order Date,,,False,True,Rejected
1354,2028,Men,Basketball,Kyrie Flytrap,7,4.0,2824.55,0.5,0.0,,Online,Delhi,1123.78,0.0,0,0,0,1,0,1,5649.1,-5649.1,0,Missing Order Date,Duplicate Order_ID,,True,True,Rejected
1362,3361,Women,Basketball,Lebron 20,XL,3.0,6431.1900000000005,0.48,0.0,,Retail,Bengaluru,3007.91,0.0,0,1,1,1,0,1,10032.66,-10032.66,0,Missing Order Date,,,False,True,Rejected
1366,3365,Kids,Running,Air Zoom,M,2.0,5550.99,0.95,0.0,,Retail,Pune,-445.03,0.0,1,0,1,0,0,1,555.1,-555.1,0,Missing Order Date,,,False,True,Rejected
1374,3373,Kids,Training,Superrep Go,8,2.5,5280.57,0.76,0.0,,Retail,Pune,1069.43,0.0,1,0,1,0,0,1,3168.34,-3168.34,0,Missing Order Date,,,False,True,Rejected
1377,3376,Kids,Soccer,Phantom Gt,6,2.0,6320.59,0.48,0.0,,Retail,Kolkata,1286.64,0.0,1,0,1,1,0,1,6573.41,-6573.41,0,Missing Order Date,,,False,True,Rejected
1378,3377,Men,Basketball,Kyrie Flytrap,M,3.0,5066.14,0.38,0.0,,Online,Hyderabad,1295.93,0.0,0,1,1,0,0,1,9423.02,-9423.02,0,Missing Order Date,,,False,True,Rejected
1379,3378,Kids,Soccer,Phantom Gt,XL,1.0,3642.74,0.5,0.0,,Online,Kolkata,2416.87,0.0,0,0,0,1,0,1,1821.37,-1821.37,0,Missing Order Date,,,False,True,Rejected
1381,3380,Women,Basketball,Kyrie Flytrap,,2.0,2557.29,0.5,0.0,,Online,Mumbai,3463.32,0.0,0,0,0,1,0,1,2557.29,-2557.29,0,Missing Order Date,,,False,True,Rejected
1391,2044,Kids,Soccer,Premier Iii,XL,3.0,2068.95,0.81,1179.3,,Retail,Delhi,-182.98,1179.3,0,0,0,0,0,1,1179.3,0.0,1,Missing Order Date,Duplicate Order_ID,,True,False,Rejected
1393,3392,Kids,Lifestyle,Dunk Low,,2.5,6202.99,0.5,0.0,,Online,Pune,-433.47,0.0,0,1,1,1,0,1,7753.74,-7753.74,0,Missing Order Date,,,False,True,Rejected
1397,3396,Kids,Running,Free Rn,L,2.0,6325.01,0.48,0.0,,Retail,Bengaluru,-1047.8,0.0,1,0,0,1,0,1,6578.01,-6578.01,0,Missing Order Date,,,False,True,Rejected
1398,3397,Women,Lifestyle,Dunk Low,M,2.5,9972.81,0.5,0.0,,Online,Mumbai,3478.84,0.0,1,0,0,1,0,1,12466.01,-12466.01,0,Missing Order Date,,,False,True,Rejected
1402,3401,Kids,Basketball,Zoom Freak,M,3.0,6435.66,0.48,0.0,,Retail,Kolkata,3834.84,0.0,1,0,1,1,0,1,10039.63,-10039.63,0,Missing Order Date,,,False,True,Rejected
1403,3402,Women,Running,Pegasus Turbo,,2.0,9706.84,0.03,0.0,,Online,Pune,-229.84,0.0,1,0,0,0,0,1,18831.27,-18831.27,0,Missing Order Date,,,False,True,Rejected
1412,3411,Kids,Soccer,Mercurial Superfly,9,2.0,6569.65,0.48,0.0,,Retail,Pune,-970.59,0.0,0,1,1,1,0,1,6832.44,-6832.44,0,Missing Order Date,,,False,True,Rejected
1413,3412,Men,Training,Flex Trainer,XL,3.0,6983.68,0.5,0.0,,Online,Hyderabad,2789.29,0.0,1,0,0,1,0,1,10475.52,-10475.52,0,Missing Order Date,,,False,True,Rejected
1419,3418,Men,Soccer,Tiempo Legend,M,1.0,6045.785,0.48,0.0,,Retail,Bengaluru,639.28,0.0,0,0,1,0,1,1,3143.81,-3143.81,0,Missing Order Date,,,False,True,Rejected
1420,3419,Kids,Training,Superrep Go,,4.0,5280.57,0.92,0.0,,Online,Mumbai,-1180.16,0.0,0,0,1,0,0,1,1689.78,-1689.78,0,Missing Order Date,,,False,True,Rejected
1421,3420,Women,Soccer,Premier Iii,,1.0,3395.24,0.5,0.0,,Online,Delhi,1266.29,0.0,0,0,0,1,0,1,1697.62,-1697.62,0,Missing Order Date,,,False,True,Rejected
1427,3426,Men,Running,Free Rn,L,2.0,8124.38,0.5,0.0,,Online,Delhi,3119.24,0.0,1,0,0,0,1,1,8124.38,-8124.38,0,Missing Order Date,,,False,True,Rejected
1428,3427,Men,Running,Pegasus Turbo,8,1.0,5644.675,0.48,0.0,,Retail,Mumbai,2741.85,0.0,0,0,1,1,0,1,2935.23,-2935.23,0,Missing Order Date,,,False,True,Rejected
1431,3430,Men,Training,Flex Trainer,M,3.0,7036.03,0.5,0.0,,Online,Bengaluru,-890.2,0.0,1,0,0,1,0,1,10554.04,-10554.04,0,Missing Order Date,,,False,True,Rejected
1436,3435,Men,Training,Superrep Go,,4.0,5280.57,0.5,0.0,,Online,Delhi,2936.54,0.0,0,0,1,1,0,1,10561.14,-10561.14,0,Missing Order Date,,,False,True,Rejected
1441,3440,Kids,Lifestyle,Waffle One,M,3.0,5637.46,0.5,0.0,,Online,Mumbai,-510.72,0.0,0,0,1,1,0,1,8456.19,-8456.19,0,Missing Order Date,,,False,True,Rejected
1444,3443,Kids,Basketball,Zoom Freak,8,3.0,2989.01,0.48,0.0,,Retail,Mumbai,3549.06,0.0,1,0,0,1,0,1,4662.86,-4662.86,0,Missing Order Date,,,False,True,Rejected
1446,3445,Men,Lifestyle,Blazer Mid,10,3.0,4693.81,0.48,0.0,,Retail,Bengaluru,3658.04,0.0,0,1,0,1,0,1,7322.34,-7322.34,0,Missing Order Date,,,False,True,Rejected
1449,2038,Kids,Lifestyle,Air Force 1,,3.0,7609.9,0.05,0.0,,Online,Delhi,788.86,0.0,1,0,0,0,0,1,21688.21,-21688.21,0,Missing Order Date,Duplicate Order_ID,,True,True,Rejected
1455,3454,Kids,Basketball,Zoom Freak,XL,2.0,6435.66,0.5,0.0,,Online,Delhi,2313.95,0.0,0,0,1,1,0,1,6435.66,-6435.66,0,Missing Order Date,,,False,True,Rejected
1457,3456,Women,Basketball,Air Jordan,12,2.0,3011.32,0.5,0.0,,Online,Delhi,2531.22,0.0,0,1,0,1,0,1,3011.32,-3011.32,0,Missing Order Date,,,False,True,Rejected
1461,3460,Women,Running,React Infinity,XL,3.0,5403.67,0.5,0.0,,Online,Pune,1372.6,0.0,0,1,0,1,0,1,8105.5,-8105.5,0,Missing Order Date,,,False,True,Rejected
1462,2004,Kids,Running,Free Rn,10,1.0,6293.58,0.5,0.0,,Online,Hyderabad,2588.88,0.0,0,0,1,1,0,1,3146.79,-3146.79,0,Missing Order Date,Duplicate Order_ID,,True,True,Rejected
1465,3464,Kids,Training,Flex Trainer,XL,3.0,3362.64,0.5,0.0,,Online,Bengaluru,1587.01,0.0,0,1,0,1,0,1,5043.96,-5043.96,0,Missing Order Date,,,False,True,Rejected
1469,3468,Men,Soccer,Phantom Gt,,4.0,9577.99,0.93,2681.84,,Online,Kolkata,-259.93,2681.84,0,0,0,0,0,1,2681.84,0.0,1,Missing Order Date,,,False,False,Rejected
1475,3474,Women,Basketball,Lebron 20,M,2.0,6506.07,0.48,0.0,,Retail,Hyderabad,3969.54,0.0,0,0,0,1,0,1,6766.31,-6766.31,0,Missing Order Date,,,False,True,Rejected
1481,3480,Kids,Running,Free Rn,M,4.0,2917.45,0.5,0.0,,Online,Bengaluru,2872.75,0.0,0,0,0,1,0,1,5834.9,-5834.9,0,Missing Order Date,,,False,True,Rejected
1494,3493,Men,Lifestyle,Dunk Low,,2.5,9446.34,0.5,0.0,,Online,Bengaluru,568.71,0.0,1,0,0,0,1,1,11807.92,-11807.92,0,Missing Order Date,,,False,True,Rejected
1507,3506,Men,Training,Metcon 7,L,2.0,9701.91,0.51,0.0,,Online,Pune,2393.61,0.0,0,1,0,0,0,1,9507.87,-9507.87,0,Missing Order Date,,,False,True,Rejected
1508,3507,Kids,Running,Free Rn,7,2.0,6293.58,0.05,0.0,,Retail,Mumbai,11.97,0.0,1,0,1,0,0,1,11957.8,-11957.8,0,Missing Order Date,,,False,True,Rejected
1516,3515,Men,Training,Flex Trainer,XL,3.0,2604.11,0.9,0.0,,Online,Kolkata,699.6,0.0,1,0,0,0,0,1,781.23,-781.23,0,Missing Order Date,,,False,True,Rejected
1517,3516,Men,Training,Zoomx Invincible,M,2.5,7495.24,0.42,0.0,,Online,Pune,3844.73,0.0,1,0,0,0,0,1,10868.1,-10868.1,0,Missing Order Date,,,False,True,Rejected
1518,3517,Women,Running,Air Zoom,,2.0,9962.36,0.48,0.0,,Retail,Hyderabad,2661.74,0.0,1,0,0,1,0,1,10360.85,-10360.85,0,Missing Order Date,,,False,True,Rejected
1522,3521,Women,Training,Zoomx Invincible,M,2.5,8565.24,0.5,0.0,,Online,Kolkata,3721.9,0.0,1,0,0,1,0,1,10706.55,-10706.55,0,Missing Order Date,,,False,True,Rejected
1523,2002,Women,Basketball,Zoom Freak,M,3.0,9041.15,0.44,0.0,,Retail,Kolkata,1597.12,0.0,1,0,0,0,0,1,15189.13,-15189.13,0,Missing Order Date,Duplicate Order_ID,,True,True,Rejected
1532,3531,Women,Basketball,Lebron 20,,2.0,9015.65,0.07,0.0,,Online,Delhi,1932.99,0.0,1,0,0,0,0,1,16769.11,-16769.11,0,Missing Order Date,,,False,True,Rejected
1540,3539,Kids,Lifestyle,Air Force 1,XL,3.0,7706.3,0.48,-3467.83,,Retail,Hyderabad,2366.58,-3467.83,0,0,0,0,1,1,12021.83,-15489.66,0,Missing Order Date,,,False,True,Rejected
1545,3544,Men,Running,Air Zoom,M,2.0,3923.39,0.48,0.0,,Retail,Kolkata,-684.88,0.0,1,0,0,1,0,1,4080.33,-4080.33,0,Missing Order Date,,,False,True,Rejected
1547,3546,Men,Lifestyle,Waffle One,L,2.0,5637.46,0.48,0.0,,Retail,Delhi,945.11,0.0,1,0,1,1,0,1,5862.96,-5862.96,0,Missing Order Date,,,False,True,Rejected
1548,3547,Kids,Soccer,Tiempo Legend,XL,4.0,6045.785,0.5,0.0,,Online,Delhi,2157.74,0.0,0,0,1,1,0,1,12091.57,-12091.57,0,Missing Order Date,,,False,True,Rejected
1550,3549,Kids,Training,Superrep Go,L,3.0,4493.02,0.81,0.0,,Online,Mumbai,14.79,0.0,0,1,0,0,0,1,2561.02,-2561.02,0,Missing Order Date,,,False,True,Rejected
1551,3550,Women,Lifestyle,Air Force 1,M,3.0,8645.09,0.5,0.0,,Online,Bengaluru,3289.86,0.0,1,0,0,1,0,1,12967.64,-12967.64,0,Missing Order Date,,,False,True,Rejected
1555,3554,Men,Soccer,Premier Iii,L,2.5,5773.245,0.48,0.0,,Retail,Bengaluru,2052.71,0.0,1,0,1,1,0,1,7505.22,-7505.22,0,Missing Order Date,,,False,True,Rejected
1560,3559,Women,Running,Pegasus Turbo,M,2.0,5644.675,0.5,0.0,,Online,Delhi,-787.01,0.0,1,0,1,1,0,1,5644.68,-5644.68,0,Missing Order Date,,,False,True,Rejected
1564,3563,Kids,Running,Pegasus Turbo,L,2.0,2470.43,0.5,0.0,,Online,Kolkata,233.05,0.0,1,0,0,1,0,1,2470.43,-2470.43,0,Missing Order Date,,,False,True,Rejected
1565,3564,Kids,Soccer,Premier Iii,7,2.5,5773.245,0.48,0.0,,Retail,Kolkata,2685.43,0.0,1,0,1,1,0,1,7505.22,-7505.22,0,Missing Order Date,,,False,True,Rejected
1568,3567,Men,Lifestyle,Air Force 1,L,2.0,6323.09,0.56,0.0,,Online,Kolkata,1353.32,0.0,0,0,1,0,0,1,5564.32,-5564.32,0,Missing Order Date,,,False,True,Rejected
1569,3568,Women,Running,Pegasus Turbo,L,2.0,6099.8,0.48,0.0,,Retail,Pune,1494.24,0.0,0,1,0,0,1,1,6343.79,-6343.79,0,Missing Order Date,,,False,True,Rejected
1572,3571,Kids,Basketball,Lebron 20,XL,2.0,7596.71,0.5,0.0,,Online,Delhi,166.47,0.0,1,0,0,1,0,1,7596.71,-7596.71,0,Missing Order Date,,,False,True,Rejected
1573,3572,Kids,Basketball,Lebron 20,6,3.0,6431.1900000000005,0.48,0.0,,Retail,Delhi,3729.45,0.0,1,0,1,1,0,1,10032.66,-10032.66,0,Missing Order Date,,,False,True,Rejected
1579,3578,Men,Lifestyle,Blazer Mid,XL,4.0,6348.19,0.48,0.0,,Retail,Hyderabad,1939.74,0.0,0,0,0,1,0,1,13204.24,-13204.24,0,Missing Order Date,,,False,True,Rejected
1581,3580,Men,Basketball,Lebron 20,,3.0,2992.37,0.48,0.0,,Retail,Kolkata,677.35,0.0,1,0,0,1,0,1,4668.1,-4668.1,0,Missing Order Date,,,False,True,Rejected
1584,3583,Men,Basketball,Kyrie Flytrap,12,3.0,3153.32,0.02,0.0,,Online,Bengaluru,204.06,0.0,1,0,0,0,0,1,9270.76,-9270.76,0,Missing Order Date,,,False,True,Rejected
1594,3593,Women,Basketball,Air Jordan,L,2.0,6452.43,0.5,0.0,,Online,Pune,-1012.43,0.0,1,0,0,1,0,1,6452.43,-6452.43,0,Missing Order Date,,,False,True,Rejected
1599,3598,Men,Soccer,Tiempo Legend,XL,1.0,6045.785,0.5,0.0,,Online,Delhi,-798.42,0.0,0,0,1,1,0,1,3022.89,-3022.89,0,Missing Order Date,,,False,True,Rejected
1600,3599,Kids,Training,Flex Trainer,L,3.0,6383.55,0.5,0.0,,Online,Pune,-1041.33,0.0,1,0,1,1,0,1,9575.33,-9575.33,0,Missing Order Date,,,False,True,Rejected
1601,3600,Women,Soccer,Phantom Gt,,4.0,6320.59,0.65,0.0,,Online,Hyderabad,1129.12,0.0,0,0,1,0,0,1,8848.83,-8848.83,0,Missing Order Date,,,False,True,Rejected
1602,3601,Women,Running,Free Rn,XL,2.0,4318.12,0.48,0.0,,Retail,Pune,2730.68,0.0,0,0,0,1,0,1,4490.84,-4490.84,0,Missing Order Date,,,False,True,Rejected
1604,2019,Men,Running,Air Zoom,8,2.0,5550.99,0.48,0.0,,Retail,Bengaluru,-229.65,0.0,1,0,1,1,0,1,5773.03,-5773.03,0,Missing Order Date,Duplicate Order_ID,,True,True,Rejected
1605,3604,Kids,Training,Flex Trainer,,2.0,6383.55,0.48,0.0,,Retail,Mumbai,-1150.99,0.0,1,0,1,1,0,1,6638.89,-6638.89,0,Missing Order Date,,,False,True,Rejected
1608,3607,Kids,Training,Superrep Go,,2.5,3020.51,0.08,0.0,,Retail,Kolkata,3934.51,0.0,1,0,0,0,0,1,6947.17,-6947.17,0,Missing Order Date,,,False,True,Rejected
1616,3615,Women,Lifestyle,Blazer Mid,,3.0,6383.24,0.48,0.0,,Retail,Delhi,-582.42,0.0,0,0,1,1,0,1,9957.85,-9957.85,0,Missing Order Date,,,False,True,Rejected
1629,3628,Kids,Running,Free Rn,,2.0,8584.41,0.98,0.0,,Online,Hyderabad,-357.52,0.0,1,0,0,0,0,1,343.38,-343.38,0,Missing Order Date,,,False,True,Rejected
1630,3629,Kids,Soccer,Mercurial Superfly,XL,2.5,6569.65,0.5,0.0,,Online,Hyderabad,-1052.78,0.0,1,0,1,1,0,1,8212.06,-8212.06,0,Missing Order Date,,,False,True,Rejected
1631,3630,Men,Training,Flex Trainer,12,3.0,2467.49,0.5,0.0,,Online,Pune,3101.6,0.0,0,1,0,1,0,1,3701.23,-3701.23,0,Missing Order Date,,,False,True,Rejected
1632,3631,Men,Training,Metcon 7,XL,2.0,2855.37,0.48,0.0,,Retail,Bengaluru,185.49,0.0,1,0,0,1,0,1,2969.58,-2969.58,0,Missing Order Date,,,False,True,Rejected
1634,3633,Kids,Training,Flex Trainer,,2.0,3019.98,0.5,0.0,,Online,Bengaluru,1647.81,0.0,0,0,0,1,0,1,3019.98,-3019.98,0,Missing Order Date,,,False,True,Rejected
1642,3641,Kids,Training,Superrep Go,XL,2.5,6037.65,0.48,0.0,,Retail,Delhi,-132.13,0.0,0,1,0,1,0,1,7848.95,-7848.95,0,Missing Order Date,,,False,True,Rejected
1643,3642,Men,Training,Metcon 7,XL,2.0,5890.69,0.5,0.0,,Online,Mumbai,3617.85,0.0,0,1,1,1,0,1,5890.69,-5890.69,0,Missing Order Date,,,False,True,Rejected
1644,3643,Kids,Training,Metcon 7,10,2.0,9262.45,0.73,0.0,,Online,Kolkata,2037.13,0.0,1,0,0,0,0,1,5001.72,-5001.72,0,Missing Order Date,,,False,True,Rejected
1646,3645,Men,Soccer,Tiempo Legend,,3.0,6830.85,0.81,0.0,,Online,Kolkata,632.37,0.0,1,0,0,0,0,1,3893.58,-3893.58,0,Missing Order Date,,,False,True,Rejected
1659,3658,Women,Training,Flex Trainer,L,2.0,3516.53,0.48,0.0,,Retail,Delhi,1485.12,0.0,1,0,0,1,0,1,3657.19,-3657.19,0,Missing Order Date,,,False,True,Rejected
1660,3659,Kids,Running,Air Zoom,7,3.0,5550.99,0.5,0.0,,Online,Kolkata,684.79,0.0,1,0,1,1,0,1,8326.48,-8326.48,0,Missing Order Date,,,False,True,Rejected
1663,3662,Kids,Lifestyle,Waffle One,,4.0,9032.9,0.64,13007.38,,Online,Bengaluru,131.76,13007.38,0,0,0,0,0,1,13007.38,0.0,1,Missing Order Date,,,False,False,Rejected
1668,3667,Kids,Running,Air Zoom,M,4.0,9386.2,0.01,37169.35,,Online,Pune,-1121.02,37169.35,0,0,0,0,0,1,37169.35,0.0,1,Missing Order Date,,,False,False,Rejected
1671,3670,Men,Lifestyle,Waffle One,10,1.0,5637.46,0.5,0.0,,Online,Pune,-929.07,0.0,0,0,1,1,0,1,2818.73,-2818.73,0,Missing Order Date,,,False,True,Rejected
1672,3671,Women,Running,Pegasus Turbo,9,2.0,5644.675,0.01,0.0,,Retail,Bengaluru,552.1,0.0,0,0,1,0,0,1,11176.46,-11176.46,0,Missing Order Date,,,False,True,Rejected
1674,3673,Kids,Lifestyle,Dunk Low,7,3.0,6202.99,0.48,0.0,,Retail,Mumbai,2199.46,0.0,1,0,1,1,0,1,9676.66,-9676.66,0,Missing Order Date,,,False,True,Rejected
1677,3676,Men,Soccer,Tiempo Legend,M,3.0,6045.785,0.5,0.0,,Online,Delhi,1923.5,0.0,1,0,1,0,1,1,9068.68,-9068.68,0,Missing Order Date,,,False,True,Rejected
1678,3677,Women,Soccer,Mercurial Superfly,L,2.5,6569.65,0.5,0.0,,Online,Pune,717.69,0.0,1,0,1,1,0,1,8212.06,-8212.06,0,Missing Order Date,,,False,True,Rejected
1680,3679,Women,Basketball,Kyrie Flytrap,M,2.0,5066.14,0.9,0.0,,Retail,Bengaluru,3341.51,0.0,0,1,1,0,0,1,1013.23,-1013.23,0,Missing Order Date,,,False,True,Rejected
1693,3692,Women,Basketball,Zoom Freak,,3.0,6435.66,0.48,0.0,,Retail,Bengaluru,1194.35,0.0,0,1,1,1,0,1,10039.63,-10039.63,0,Missing Order Date,,,False,True,Rejected
1694,3693,Men,Basketball,Air Jordan,XL,3.0,4239.94,0.48,0.0,,Retail,Hyderabad,-35.71,0.0,1,0,0,1,0,1,6614.31,-6614.31,0,Missing Order Date,,,False,True,Rejected
1695,3694,Kids,Soccer,Tiempo Legend,L,3.0,4954.41,0.5,0.0,,Online,Hyderabad,1522.3,0.0,0,1,0,1,0,1,7431.62,-7431.62,0,Missing Order Date,,,False,True,Rejected
1698,3697,Women,Running,Free Rn,,2.0,6293.58,0.5,0.0,,Online,Pune,80.68,0.0,0,1,1,0,1,1,6293.58,-6293.58,0,Missing Order Date,,,False,True,Rejected
1701,3700,Men,Soccer,Premier Iii,XL,2.0,3951.29,0.5,0.0,,Online,Delhi,-70.93,0.0,0,0,0,1,0,1,3951.29,-3951.29,0,Missing Order Date,,,False,True,Rejected
1702,3701,Men,Training,Metcon 7,L,2.0,9459.94,0.58,0.0,,Online,Bengaluru,-463.88,0.0,1,0,0,0,0,1,7946.35,-7946.35,0,Missing Order Date,,,False,True,Rejected
1705,3704,Kids,Running,Pegasus Turbo,M,2.0,5644.675,0.31,0.0,,Retail,Delhi,3556.62,0.0,1,0,1,0,0,1,7789.65,-7789.65,0,Missing Order Date,,,False,True,Rejected
1710,3709,Men,Soccer,Premier Iii,9,2.5,4857.69,0.48,0.0,,Retail,Delhi,-926.92,0.0,0,1,0,1,0,1,6315.0,-6315.0,0,Missing Order Date,,,False,True,Rejected
1711,3710,Kids,Lifestyle,Blazer Mid,L,4.0,9015.8,0.5,0.0,,Online,Mumbai,1695.86,0.0,0,0,0,1,0,1,18031.6,-18031.6,0,Missing Order Date,,,False,True,Rejected
1718,3717,Kids,Training,Zoomx Invincible,9,2.0,7781.11,0.48,0.0,,Retail,Kolkata,-313.83,0.0,0,1,0,1,0,1,8092.35,-8092.35,0,Missing Order Date,,,False,True,Rejected
1719,3718,Kids,Training,Zoomx Invincible,,2.5,6897.68,0.5,0.0,,Online,Kolkata,701.83,0.0,1,0,1,1,0,1,8622.1,-8622.1,0,Missing Order Date,,,False,True,Rejected
1729,3728,Men,Training,Metcon 7,7,2.0,5890.69,0.5,0.0,,Online,Bengaluru,1376.74,0.0,1,0,1,1,0,1,5890.69,-5890.69,0,Missing Order Date,,,False,True,Rejected
1731,3730,Kids,Training,Zoomx Invincible,M,1.0,7865.95,0.5,0.0,,Online,Bengaluru,3302.11,0.0,0,0,0,1,0,1,3932.98,-3932.98,0,Missing Order Date,,,False,True,Rejected
1734,2031,Kids,Running,Pegasus Turbo,L,2.0,3360.35,0.15,0.0,,Retail,Delhi,1282.69,0.0,0,1,0,0,0,1,5712.59,-5712.59,0,Missing Order Date,Duplicate Order_ID,,True,True,Rejected
1735,3734,Men,Basketball,Air Jordan,,2.0,6235.71,0.43,0.0,,Online,Kolkata,1537.11,0.0,1,0,1,0,0,1,7108.71,-7108.71,0,Missing Order Date,,,False,True,Rejected
1737,3736,Men,Training,Zoomx Invincible,M,1.0,6897.68,0.38,0.0,,Retail,Pune,-1171.61,0.0,0,0,1,0,0,1,4276.56,-4276.56,0,Missing Order Date,,,False,True,Rejected
1738,3737,Kids,Basketball,Air Jordan,12,3.0,6235.71,0.48,0.0,,Retail,Pune,690.1,0.0,0,1,1,1,0,1,9727.71,-9727.71,0,Missing Order Date,,,False,True,Rejected
1745,3744,Kids,Training,Superrep Go,,3.0,2370.48,0.5,0.0,,Online,Bengaluru,2830.51,0.0,0,0,0,1,0,1,3555.72,-3555.72,0,Missing Order Date,,,False,True,Rejected
1749,3748,Kids,Training,Superrep Go,XL,3.0,6272.89,0.5,0.0,,Online,Bengaluru,3386.86,0.0,1,0,0,0,1,1,9409.34,-9409.34,0,Missing Order Date,,,False,True,Rejected
1752,3751,Kids,Lifestyle,Air Force 1,XL,2.0,6323.09,0.4,0.0,,Retail,Delhi,-399.23,0.0,0,1,1,0,0,1,7587.71,-7587.71,0,Missing Order Date,,,False,True,Rejected
1767,3766,Women,Training,Metcon 7,,2.0,5890.69,0.5,0.0,,Online,Pune,1979.8,0.0,1,0,1,1,0,1,5890.69,-5890.69,0,Missing Order Date,,,False,True,Rejected
1774,3773,Men,Lifestyle,Dunk Low,L,2.5,3633.25,0.5,0.0,,Online,Hyderabad,-816.85,0.0,1,0,0,1,0,1,4541.56,-4541.56,0,Missing Order Date,,,False,True,Rejected
1781,3780,Women,Soccer,Tiempo Legend,XL,3.0,5054.63,0.21,0.0,,Online,Pune,3818.72,0.0,0,1,0,0,0,1,11979.47,-11979.47,0,Missing Order Date,,,False,True,Rejected
1784,3783,Women,Running,React Infinity,M,2.0,8500.65,0.5,0.0,,Online,Mumbai,3344.47,0.0,0,0,0,1,0,1,8500.65,-8500.65,0,Missing Order Date,,,False,True,Rejected
1786,3785,Kids,Lifestyle,Blazer Mid,XL,3.0,6464.0,0.45,10665.6,,Retail,Delhi,698.11,10665.6,0,0,0,0,0,1,10665.6,0.0,1,Missing Order Date,,,False,False,Rejected
1800,3799,Men,Basketball,Air Jordan,XL,3.0,7881.86,0.48,0.0,,Retail,Mumbai,830.72,0.0,0,0,0,1,0,1,12295.7,-12295.7,0,Missing Order Date,,,False,True,Rejected
1801,3800,Men,Lifestyle,Dunk Low,M,3.0,6202.99,0.48,0.0,,Retail,Bengaluru,117.94,0.0,1,0,1,1,0,1,9676.66,-9676.66,0,Missing Order Date,,,False,True,Rejected
1802,3801,Women,Training,Zoomx Invincible,XL,2.5,6897.68,0.5,0.0,,Online,Delhi,2638.1,0.0,1,0,1,1,0,1,8622.1,-8622.1,0,Missing Order Date,,,False,True,Rejected
1805,3804,Women,Basketball,Kyrie Flytrap,XL,2.0,5066.14,0.48,0.0,,Retail,Hyderabad,2486.45,0.0,0,0,1,1,0,1,5268.79,-5268.79,0,Missing Order Date,,,False,True,Rejected
1809,3808,Kids,Running,Free Rn,M,2.0,6293.58,0.93,0.0,,Online,Kolkata,1363.94,0.0,0,1,1,0,0,1,881.1,-881.1,0,Missing Order Date,,,False,True,Rejected
1811,3810,Kids,Soccer,Phantom Gt,M,2.0,7556.37,0.5,0.0,,Online,Pune,2530.62,0.0,1,0,0,1,0,1,7556.37,-7556.37,0,Missing Order Date,,,False,True,Rejected
1817,3816,Men,Soccer,Premier Iii,8,2.0,7264.55,0.5,0.0,,Online,Bengaluru,-406.85,0.0,1,0,0,1,0,1,7264.55,-7264.55,0,Missing Order Date,,,False,True,Rejected
1819,3818,Women,Basketball,Lebron 20,L,1.0,6431.1900000000005,0.48,0.0,,Retail,Pune,1201.41,0.0,0,0,1,0,1,1,3344.22,-3344.22,0,Missing Order Date,,,False,True,Rejected
1823,3822,Kids,Basketball,Lebron 20,M,2.0,4017.71,0.5,0.0,,Online,Pune,368.32,0.0,1,0,0,1,0,1,4017.71,-4017.71,0,Missing Order Date,,,False,True,Rejected
1824,3823,Men,Running,Air Zoom,L,3.0,5550.99,0.14,0.0,,Online,Bengaluru,531.93,0.0,0,1,1,0,0,1,14321.55,-14321.55,0,Missing Order Date,,,False,True,Rejected
1828,3827,Kids,Soccer,Phantom Gt,M,2.0,6320.59,0.5,0.0,,Online,Delhi,-356.71,0.0,0,0,1,1,0,1,6320.59,-6320.59,0,Missing Order Date,,,False,True,Rejected
1836,3835,Men,Running,Free Rn,11,1.0,6293.58,0.48,0.0,,Retail,Pune,2281.47,0.0,0,0,1,1,0,1,3272.66,-3272.66,0,Missing Order Date,,,False,True,Rejected
1840,3839,Women,Lifestyle,Air Force 1,L,3.0,3907.78,0.34,0.0,,Online,Delhi,-870.71,0.0,1,0,0,0,0,1,7737.4,-7737.4,0,Missing Order Date,,,False,True,Rejected
1842,3841,Men,Running,React Infinity,,3.0,6492.155000000001,0.99,0.0,,Retail,Kolkata,3333.77,0.0,0,1,1,0,0,1,194.76,-194.76,0,Missing Order Date,,,False,True,Rejected
1844,3843,Women,Training,Superrep Go,M,2.0,5280.57,0.5,0.0,,Online,Hyderabad,2882.29,0.0,0,0,1,1,0,1,5280.57,-5280.57,0,Missing Order Date,,,False,True,Rejected
1846,3845,Kids,Lifestyle,Waffle One,M,3.0,5637.46,0.5,0.0,,Online,Pune,968.97,0.0,1,0,1,1,0,1,8456.19,-8456.19,0,Missing Order Date,,,False,True,Rejected
1850,3849,Men,Training,Metcon 7,XL,1.0,5890.69,0.5,0.0,,Online,Pune,-671.09,0.0,0,0,1,1,0,1,2945.34,-2945.34,0,Missing Order Date,,,False,True,Rejected
1852,2045,Kids,Running,Pegasus Turbo,L,1.0,4891.02,0.5,0.0,,Online,Kolkata,-473.08,0.0,0,0,0,1,0,1,2445.51,-2445.51,0,Missing Order Date,Duplicate Order_ID,,True,True,Rejected
1854,3853,Women,Training,Flex Trainer,L,1.0,7753.56,0.5,0.0,,Online,Kolkata,2754.32,0.0,0,0,0,1,0,1,3876.78,-3876.78,0,Missing Order Date,,,False,True,Rejected
1855,3854,Women,Training,Flex Trainer,L,3.0,9569.02,0.5,0.0,,Online,Bengaluru,3535.19,0.0,0,0,0,1,0,1,14353.53,-14353.53,0,Missing Order Date,,,False,True,Rejected
1857,3856,Kids,Running,React Infinity,12,3.0,6943.86,0.48,0.0,,Retail,Kolkata,2612.88,0.0,1,0,0,1,0,1,10832.42,-10832.42,0,Missing Order Date,,,False,True,Rejected
1862,3861,Men,Basketball,Air Jordan,6,4.0,6235.71,0.46,0.0,,Retail,Hyderabad,419.79,0.0,0,0,1,0,0,1,13469.13,-13469.13,0,Missing Order Date,,,False,True,Rejected
1866,3865,Men,Training,Zoomx Invincible,L,2.0,7356.92,0.5,0.0,,Online,Hyderabad,-1144.16,0.0,0,0,0,1,0,1,7356.92,-7356.92,0,Missing Order Date,,,False,True,Rejected
1870,3869,Women,Basketball,Lebron 20,L,3.0,7599.38,0.48,-3875.68,,Retail,Delhi,-633.81,-3875.68,0,0,0,0,1,1,11855.03,-15730.71,0,Missing Order Date,,,False,True,Rejected
1873,3872,Women,Training,Superrep Go,,2.5,8517.62,0.48,0.0,,Retail,Delhi,962.82,0.0,1,0,0,1,0,1,11072.91,-11072.91,0,Missing Order Date,,,False,True,Rejected
1874,3873,Men,Soccer,Tiempo Legend,M,3.0,6045.785,0.5,0.0,,Online,Bengaluru,996.15,0.0,0,0,1,1,0,1,9068.68,-9068.68,0,Missing Order Date,,,False,True,Rejected
1876,3875,Women,Basketball,Lebron 20,L,3.0,3304.18,0.9,0.0,,Retail,Pune,3345.28,0.0,0,1,0,0,0,1,991.25,-991.25,0,Missing Order Date,,,False,True,Rejected
1880,3879,Men,Training,Flex Trainer,11,2.0,6473.43,0.1,0.0,,Retail,Pune,2954.36,0.0,0,1,0,0,0,1,11652.17,-11652.17,0,Missing Order Date,,,False,True,Rejected
1882,3881,Women,Training,Superrep Go,,3.0,3656.98,0.06,10312.68,,Online,Hyderabad,1953.91,10312.68,0,0,0,0,0,1,10312.68,0.0,1,Missing Order Date,,,False,False,Rejected
1883,3882,Men,Soccer,Tiempo Legend,M,3.0,7237.49,0.5,0.0,,Online,Bengaluru,-376.24,0.0,1,0,0,1,0,1,10856.24,-10856.24,0,Missing Order Date,,,False,True,Rejected
1893,3892,Kids,Training,Flex Trainer,M,3.0,6383.55,0.5,0.0,,Online,Delhi,2262.3,0.0,1,0,1,1,0,1,9575.33,-9575.33,0,Missing Order Date,,,False,True,Rejected
1897,3896,Men,Basketball,Kyrie Flytrap,,3.0,6289.82,0.94,0.0,,Online,Mumbai,209.79,0.0,1,0,0,0,0,1,1132.17,-1132.17,0,Missing Order Date,,,False,True,Rejected
1898,3897,Women,Soccer,Tiempo Legend,8,2.0,6050.27,0.69,3751.17,,Retail,Delhi,3332.49,3751.17,0,0,0,0,0,1,3751.17,0.0,1,Missing Order Date,,,False,False,Rejected
1900,3899,Men,Basketball,Zoom Freak,L,1.0,6435.66,0.75,0.0,,Retail,Pune,-579.76,0.0,0,0,1,0,0,1,1608.92,-1608.92,0,Missing Order Date,,,False,True,Rejected
1904,3903,Kids,Running,React Infinity,9,3.0,6492.155000000001,0.5,0.0,,Online,Pune,-101.29,0.0,1,0,1,1,0,1,9738.23,-9738.23,0,Missing Order Date,,,False,True,Rejected
1908,3907,Women,Running,React Infinity,L,3.0,6492.155000000001,0.48,0.0,,Retail,Delhi,3362.1,0.0,0,0,1,1,0,1,10127.76,-10127.76,0,Missing Order Date,,,False,True,Rejected
1910,3909,Women,Soccer,Premier Iii,L,2.5,5773.245,0.48,0.0,,Retail,Delhi,-286.57,0.0,1,0,1,1,0,1,7505.22,-7505.22,0,Missing Order Date,,,False,True,Rejected
1917,3916,Women,Soccer,Premier Iii,L,3.0,5773.245,0.48,0.0,,Retail,Kolkata,1315.69,0.0,0,0,1,1,0,1,9006.26,-9006.26,0,Missing Order Date,,,False,True,Rejected
1919,3918,Men,Running,Pegasus Turbo,M,2.0,5644.675,0.85,0.0,,Online,Bengaluru,1173.8,0.0,1,0,1,0,0,1,1693.4,-1693.4,0,Missing Order Date,,,False,True,Rejected
1923,3922,Kids,Soccer,Phantom Gt,L,2.0,6320.59,0.48,0.0,,Retail,Bengaluru,1876.21,0.0,1,0,1,1,0,1,6573.41,-6573.41,0,Missing Order Date,,,False,True,Rejected
1929,3928,Men,Running,Pegasus Turbo,,2.0,5636.21,0.74,2930.83,,Retail,Delhi,-984.86,2930.83,0,0,0,0,0,1,2930.83,0.0,1,Missing Order Date,,,False,False,Rejected
1932,3931,Men,Lifestyle,Dunk Low,XL,2.5,9904.73,0.66,0.0,,Online,Hyderabad,-115.24,0.0,1,0,0,0,0,1,8419.02,-8419.02,0,Missing Order Date,,,False,True,Rejected
1935,3934,Kids,Soccer,Mercurial Superfly,,2.5,6569.65,0.5,0.0,,Online,Kolkata,2313.79,0.0,1,0,1,1,0,1,8212.06,-8212.06,0,Missing Order Date,,,False,True,Rejected
1939,3938,Kids,Training,Superrep Go,8,1.0,2823.65,0.5,0.0,,Online,Kolkata,1933.98,0.0,0,0,0,1,0,1,1411.82,-1411.82,0,Missing Order Date,,,False,True,Rejected
1942,3941,Men,Soccer,Phantom Gt,,2.0,9789.2,0.5,0.0,,Online,Pune,1829.77,0.0,0,1,0,1,0,1,9789.2,-9789.2,0,Missing Order Date,,,False,True,Rejected
1944,3943,Women,Soccer,Tiempo Legend,,2.0,7253.3,0.45,0.0,,Retail,Bengaluru,3857.9,0.0,0,1,0,0,0,1,7978.63,-7978.63,0,Missing Order Date,,,False,True,Rejected
1949,3948,Women,Basketball,Lebron 20,L,2.0,6431.1900000000005,0.64,0.0,,Online,Delhi,3470.77,0.0,1,0,1,0,0,1,4630.46,-4630.46,0,Missing Order Date,,,False,True,Rejected
1964,3963,Men,Soccer,Mercurial Superfly,XL,1.0,6698.41,0.48,0.0,,Retail,Mumbai,-245.76,0.0,0,0,0,1,0,1,3483.17,-3483.17,0,Missing Order Date,,,False,True,Rejected
1966,3965,Kids,Soccer,Mercurial Superfly,M,2.5,6569.65,0.05,0.0,,Online,Hyderabad,1194.67,0.0,1,0,1,0,0,1,15602.92,-15602.92,0,Missing Order Date,,,False,True,Rejected
1967,3966,Kids,Training,Metcon 7,7,2.0,5890.69,0.48,0.0,,Retail,Mumbai,2072.67,0.0,1,0,1,1,0,1,6126.32,-6126.32,0,Missing Order Date,,,False,True,Rejected
1968,3967,Women,Lifestyle,Waffle One,,3.0,5637.46,0.5,0.0,,Online,Bengaluru,-806.4,0.0,0,1,1,1,0,1,8456.19,-8456.19,0,Missing Order Date,,,False,True,Rejected
1974,3973,Kids,Running,React Infinity,M,2.0,6492.155000000001,0.5,0.0,,Online,Bengaluru,-475.2,0.0,0,0,1,1,0,1,6492.16,-6492.16,0,Missing Order Date,,,False,True,Rejected
1984,3983,Kids,Lifestyle,Waffle One,L,4.0,5637.46,0.22,0.0,,Online,Pune,633.64,0.0,0,0,1,0,0,1,17588.88,-17588.88,0,Missing Order Date,,,False,True,Rejected
1985,3984,Women,Training,Superrep Go,,4.0,5280.57,0.48,0.0,,Retail,Pune,486.8,0.0,0,0,1,1,0,1,10983.59,-10983.59,0,Missing Order Date,,,False,True,Rejected
1991,3990,Kids,Basketball,Air Jordan,11,2.0,6235.71,0.5,0.0,,Online,Kolkata,2974.82,0.0,0,1,1,1,0,1,6235.71,-6235.71,0,Missing Order Date,,,False,True,Rejected
1996,3995,Men,Lifestyle,Air Force 1,11,3.0,6323.09,0.47,0.0,,Online,Delhi,3242.46,0.0,0,1,1,0,0,1,10053.71,-10053.71,0,Missing Order Date,,,False,True,Rejected
1997,3996,Men,Running,React Infinity,,2.0,6492.155000000001,0.5,0.0,,Online,Bengaluru,2919.12,0.0,0,0,1,1,0,1,6492.16,-6492.16,0,Missing Order Date,,,False,True,Rejected
1999,3998,Men,Training,Flex Trainer,,3.0,6383.55,0.5,0.0,,Online,Delhi,2029.57,0.0,1,0,1,1,0,1,9575.33,-9575.33,0,Missing Order Date,,,False,True,Rejected
2002,4001,Women,Basketball,Zoom Freak,L,2.0,7586.32,0.5,0.0,,Online,Mumbai,2155.01,0.0,1,0,0,1,0,1,7586.32,-7586.32,0,Missing Order Date,,,False,True,Rejected
2007,4006,Kids,Basketball,Lebron 20,12,3.0,6431.1900000000005,0.48,0.0,,Retail,Kolkata,2617.0,0.0,1,0,1,1,0,1,10032.66,-10032.66,0,Missing Order Date,,,False,True,Rejected
2019,4018,Women,Lifestyle,Blazer Mid,M,3.0,6469.59,0.36,0.0,,Retail,Mumbai,-69.8,0.0,1,0,0,0,0,1,12421.61,-12421.61,0,Missing Order Date,,,False,True,Rejected
2021,4020,Women,Running,Pegasus Turbo,M,2.0,4052.25,0.48,0.0,,Retail,Bengaluru,3360.33,0.0,1,0,0,1,0,1,4214.34,-4214.34,0,Missing Order Date,,,False,True,Rejected
2022,4021,Women,Basketball,Kyrie Flytrap,6,3.0,7023.61,0.5,0.0,,Online,Delhi,2199.3,0.0,1,0,0,1,0,1,10535.42,-10535.42,0,Missing Order Date,,,False,True,Rejected
2028,4027,Men,Basketball,Air Jordan,,3.0,8050.32,0.48,0.0,,Retail,Delhi,3125.71,0.0,1,0,0,1,0,1,12558.5,-12558.5,0,Missing Order Date,,,False,True,Rejected
2032,4031,Men,Soccer,Phantom Gt,,2.0,4272.26,0.83,1452.57,,Retail,Kolkata,1977.91,1452.57,0,0,0,0,0,1,1452.57,0.0,1,Missing Order Date,,,False,False,Rejected
2033,4032,Men,Running,Pegasus Turbo,10,2.0,5644.675,0.48,0.0,,Retail,Pune,-135.15,0.0,1,0,1,1,0,1,5870.46,-5870.46,0,Missing Order Date,,,False,True,Rejected
2034,4033,Men,Lifestyle,Blazer Mid,L,4.0,4398.68,0.27,12844.15,,Retail,Bengaluru,3573.92,12844.15,0,0,0,0,0,1,12844.15,0.0,1,Missing Order Date,,,False,False,Rejected
2037,4036,Men,Soccer,Mercurial Superfly,M,2.5,6569.65,0.07,0.0,,Online,Mumbai,2718.34,0.0,0,1,1,0,0,1,15274.44,-15274.44,0,Missing Order Date,,,False,True,Rejected
2043,4042,Kids,Lifestyle,Air Force 1,9,3.0,2566.15,0.5,0.0,,Online,Hyderabad,-198.88,0.0,0,1,0,1,0,1,3849.23,-3849.23,0,Missing Order Date,,,False,True,Rejected
2048,4047,Men,Running,Air Zoom,12,2.0,5550.99,0.48,0.0,,Retail,Kolkata,56.56,0.0,0,0,1,1,0,1,5773.03,-5773.03,0,Missing Order Date,,,False,True,Rejected
2049,4048,Men,Running,Air Zoom,M,2.0,2342.93,0.48,0.0,,Retail,Delhi,2239.79,0.0,1,0,0,1,0,1,2436.65,-2436.65,0,Missing Order Date,,,False,True,Rejected
2050,2046,Kids,Running,React Infinity,,2.0,6492.155000000001,0.71,0.0,,Online,Delhi,63.74,0.0,0,0,1,0,0,1,3765.45,-3765.45,0,Missing Order Date,Duplicate Order_ID,,True,True,Rejected
2056,4055,Kids,Running,Air Zoom,L,3.0,8333.95,0.5,0.0,,Online,Mumbai,3329.27,0.0,1,0,0,1,0,1,12500.92,-12500.92,0,Missing Order Date,,,False,True,Rejected
2062,4061,Men,Basketball,Air Jordan,XL,3.0,6235.71,0.48,0.0,,Retail,Mumbai,2599.62,0.0,1,0,1,1,0,1,9727.71,-9727.71,0,Missing Order Date,,,False,True,Rejected
2064,4063,Kids,Lifestyle,Air Force 1,L,3.0,6323.09,0.38,0.0,,Online,Mumbai,-617.86,0.0,0,1,1,0,0,1,11760.95,-11760.95,0,Missing Order Date,,,False,True,Rejected
2069,4068,Men,Soccer,Tiempo Legend,10,3.0,6045.785,0.5,0.0,,Online,Pune,1280.59,0.0,0,1,1,1,0,1,9068.68,-9068.68,0,Missing Order Date,,,False,True,Rejected
2072,4071,Men,Lifestyle,Blazer Mid,,3.0,6383.24,0.48,0.0,,Retail,Bengaluru,1112.91,0.0,0,1,1,0,1,1,9957.85,-9957.85,0,Missing Order Date,,,False,True,Rejected
2078,4077,Men,Training,Superrep Go,,3.0,9261.43,0.5,0.0,,Online,Mumbai,361.16,0.0,1,0,0,1,0,1,13892.14,-13892.14,0,Missing Order Date,,,False,True,Rejected
2082,4081,Men,Lifestyle,Waffle One,XL,2.0,4902.19,0.25,0.0,,Retail,Bengaluru,608.65,0.0,1,0,0,0,0,1,7353.28,-7353.28,0,Missing Order Date,,,False,True,Rejected
2085,4084,Kids,Running,Air Zoom,7,2.0,2108.04,0.48,0.0,,Retail,Kolkata,-1087.34,0.0,0,1,0,1,0,1,2192.36,-2192.36,0,Missing Order Date,,,False,True,Rejected
2092,4091,Kids,Running,Free Rn,L,2.0,8331.85,0.48,0.0,,Retail,Kolkata,1061.2,0.0,1,0,0,1,0,1,8665.12,-8665.12,0,Missing Order Date,,,False,True,Rejected
2094,4093,Women,Lifestyle,Waffle One,11,4.0,8888.58,0.48,0.0,,Retail,Kolkata,2944.03,0.0,0,0,0,1,0,1,18488.25,-18488.25,0,Missing Order Date,,,False,True,Rejected
2096,4095,Men,Running,Free Rn,XL,1.0,7129.09,0.5,0.0,,Online,Pune,1993.16,0.0,0,0,0,1,0,1,3564.54,-3564.54,0,Missing Order Date,,,False,True,Rejected
2104,4103,Men,Lifestyle,Waffle One,L,2.0,2475.41,0.48,0.0,,Retail,Hyderabad,2158.91,0.0,1,0,0,1,0,1,2574.43,-2574.43,0,Missing Order Date,,,False,True,Rejected
2107,2030,Men,Soccer,Phantom Gt,,2.0,3998.0,0.5,0.0,,Online,Bengaluru,2911.5,0.0,1,0,0,1,0,1,3998.0,-3998.0,0,Missing Order Date,Duplicate Order_ID,,True,True,Rejected
2121,4120,Women,Basketball,Zoom Freak,M,2.0,6435.66,0.5,0.0,,Online,Delhi,3175.14,0.0,1,0,1,0,1,1,6435.66,-6435.66,0,Missing Order Date,,,False,True,Rejected
2124,4123,Women,Running,Air Zoom,XL,2.0,8184.99,0.48,0.0,,Retail,Hyderabad,41.24,0.0,1,0,0,1,0,1,8512.39,-8512.39,0,Missing Order Date,,,False,True,Rejected
2126,4125,Men,Soccer,Tiempo Legend,M,2.0,6045.785,0.48,0.0,,Retail,Kolkata,2465.79,0.0,1,0,1,1,0,1,6287.62,-6287.62,0,Missing Order Date,,,False,True,Rejected
2129,4128,Women,Lifestyle,Air Force 1,9,3.0,2566.91,0.08,0.0,,Online,Mumbai,1529.46,0.0,1,0,0,0,0,1,7084.67,-7084.67,0,Missing Order Date,,,False,True,Rejected
2131,4130,Men,Running,Air Zoom,XL,3.0,2776.53,0.5,0.0,,Online,Mumbai,140.84,0.0,1,0,0,1,0,1,4164.8,-4164.8,0,Missing Order Date,,,False,True,Rejected
2135,4134,Women,Training,Zoomx Invincible,12,1.0,6897.68,0.48,0.0,,Retail,Delhi,2535.71,0.0,0,0,1,0,1,1,3586.79,-3586.79,0,Missing Order Date,,,False,True,Rejected
2143,4142,Kids,Training,Flex Trainer,L,3.0,2840.97,0.87,-369.33,,Online,Bengaluru,3836.65,-369.33,0,1,0,0,0,1,1107.98,-1477.31,0,Missing Order Date,,,False,True,Rejected
2145,4144,Men,Training,Zoomx Invincible,XL,2.5,2335.82,0.5,0.0,,Online,Bengaluru,304.78,0.0,0,1,0,1,0,1,2919.78,-2919.78,0,Missing Order Date,,,False,True,Rejected
2146,4145,Kids,Soccer,Tiempo Legend,M,2.0,6045.785,0.48,0.0,,Retail,Delhi,285.95,0.0,0,0,1,1,0,1,6287.62,-6287.62,0,Missing Order Date,,,False,True,Rejected
2155,4154,Women,Soccer,Tiempo Legend,L,3.0,6045.785,0.5,0.0,,Online,Bengaluru,2963.38,0.0,0,1,1,1,0,1,9068.68,-9068.68,0,Missing Order Date,,,False,True,Rejected
2156,4155,Kids,Training,Flex Trainer,M,2.0,8736.2,0.94,-524.17,,Retail,Bengaluru,547.28,-524.17,0,1,0,0,0,1,1048.34,-1572.51,0,Missing Order Date,,,False,True,Rejected
2160,4159,Women,Running,React Infinity,XL,2.0,8683.8,0.5,0.0,,Online,Delhi,3914.69,0.0,0,0,0,1,0,1,8683.8,-8683.8,0,Missing Order Date,,,False,True,Rejected
2161,4160,Men,Lifestyle,Air Force 1,,3.0,6148.9,0.5,0.0,,Online,Delhi,2664.48,0.0,1,0,0,1,0,1,9223.35,-9223.35,0,Missing Order Date,,,False,True,Rejected
2163,4162,Men,Training,Superrep Go,XL,1.0,3782.59,0.5,0.0,,Online,Pune,1401.88,0.0,0,0,0,1,0,1,1891.3,-1891.3,0,Missing Order Date,,,False,True,Rejected
2168,4167,Men,Basketball,Kyrie Flytrap,XL,2.0,3354.93,0.48,0.0,,Retail,Hyderabad,3486.85,0.0,0,1,0,1,0,1,3489.13,-3489.13,0,Missing Order Date,,,False,True,Rejected
2170,4169,Men,Basketball,Lebron 20,L,3.0,8320.11,0.48,0.0,,Retail,Delhi,3743.48,0.0,1,0,0,1,0,1,12979.37,-12979.37,0,Missing Order Date,,,False,True,Rejected
2174,4173,Men,Soccer,Tiempo Legend,M,3.0,6045.785,0.5,0.0,,Online,Hyderabad,-835.46,0.0,1,0,1,1,0,1,9068.68,-9068.68,0,Missing Order Date,,,False,True,Rejected
2176,4175,Men,Basketball,Air Jordan,,3.0,6235.71,0.48,0.0,,Retail,Kolkata,2631.77,0.0,1,0,1,1,0,1,9727.71,-9727.71,0,Missing Order Date,,,False,True,Rejected
2178,4177,Kids,Training,Metcon 7,M,2.0,5890.69,0.5,0.0,,Online,Mumbai,-203.62,0.0,1,0,1,1,0,1,5890.69,-5890.69,0,Missing Order Date,,,False,True,Rejected
2185,4184,Women,Basketball,Lebron 20,10,2.0,6431.1900000000005,0.5,0.0,,Online,Bengaluru,1788.65,0.0,1,0,1,1,0,1,6431.19,-6431.19,0,Missing Order Date,,,False,True,Rejected
2188,4187,Women,Training,Flex Trainer,L,2.0,5363.84,0.95,0.0,,Retail,Hyderabad,1194.42,0.0,0,1,0,0,0,1,536.38,-536.38,0,Missing Order Date,,,False,True,Rejected
2190,4189,Kids,Soccer,Phantom Gt,9,2.0,6320.59,0.97,0.0,,Retail,Hyderabad,2788.1,0.0,1,0,1,0,0,1,379.24,-379.24,0,Missing Order Date,,,False,True,Rejected
2191,2043,Men,Training,Flex Trainer,XL,4.0,6383.55,0.12,0.0,,Online,Pune,-809.91,0.0,0,0,1,0,0,1,22470.1,-22470.1,0,Missing Order Date,Duplicate Order_ID,,True,True,Rejected
2197,2029,Kids,Lifestyle,Dunk Low,10,2.5,8165.07,0.5,0.0,,Online,Pune,3469.45,0.0,1,0,0,1,0,1,10206.34,-10206.34,0,Missing Order Date,Duplicate Order_ID,,True,True,Rejected
2198,4197,Men,Running,React Infinity,XL,4.0,7560.6,0.5,0.0,,Online,Kolkata,1415.35,0.0,0,0,0,1,0,1,15121.2,-15121.2,0,Missing Order Date,,,False,True,Rejected
2199,4198,Men,Running,Pegasus Turbo,M,2.0,7860.63,0.53,0.0,,Retail,Delhi,-1087.13,0.0,1,0,0,0,0,1,7388.99,-7388.99,0,Missing Order Date,,,False,True,Rejected
2201,4200,Women,Soccer,Tiempo Legend,L,3.0,6045.785,0.78,0.0,,Online,Bengaluru,-613.22,0.0,1,0,1,0,0,1,3990.22,-3990.22,0,Missing Order Date,,,False,True,Rejected
2204,4203,Kids,Training,Flex Trainer,M,3.0,6383.55,0.5,0.0,,Online,Pune,1879.42,0.0,1,0,1,1,0,1,9575.33,-9575.33,0,Missing Order Date,,,False,True,Rejected
2211,4210,Kids,Training,Superrep Go,M,3.0,5280.57,0.48,0.0,,Retail,Mumbai,2738.04,0.0,0,0,1,1,0,1,8237.69,-8237.69,0,Missing Order Date,,,False,True,Rejected
2220,4219,Kids,Training,Flex Trainer,,2.0,9565.66,0.48,0.0,,Retail,Pune,3667.35,0.0,1,0,0,1,0,1,9948.29,-9948.29,0,Missing Order Date,,,False,True,Rejected
2222,4221,Kids,Soccer,Mercurial Superfly,XL,2.5,6569.65,0.88,0.0,,Online,Hyderabad,1001.02,0.0,1,0,1,0,0,1,1970.9,-1970.9,0,Missing Order Date,,,False,True,Rejected
2223,2023,Men,Basketball,Air Jordan,XL,2.0,6235.71,0.5,0.0,,Online,Mumbai,2913.04,0.0,1,0,1,1,0,1,6235.71,-6235.71,0,Missing Order Date,Duplicate Order_ID,,True,True,Rejected
2233,4232,Women,Soccer,Tiempo Legend,10,3.0,6045.785,0.5,0.0,,Online,Bengaluru,-532.52,0.0,0,1,1,1,0,1,9068.68,-9068.68,0,Missing Order Date,,,False,True,Rejected
2234,4233,Women,Soccer,Mercurial Superfly,,1.0,3895.52,0.48,0.0,,Retail,Bengaluru,3856.45,0.0,0,0,0,1,0,1,2025.67,-2025.67,0,Missing Order Date,,,False,True,Rejected
2235,4234,Women,Basketball,Zoom Freak,M,2.0,6435.66,0.5,0.0,,Online,Mumbai,404.2,0.0,1,0,1,1,0,1,6435.66,-6435.66,0,Missing Order Date,,,False,True,Rejected
2237,4236,Kids,Soccer,Mercurial Superfly,,2.0,8299.07,0.09,0.0,,Retail,Delhi,1565.48,0.0,1,0,0,0,0,1,15104.31,-15104.31,0,Missing Order Date,,,False,True,Rejected
2244,4243,Kids,Training,Zoomx Invincible,,2.0,5248.74,0.48,0.0,,Retail,Bengaluru,3500.67,0.0,1,0,0,1,0,1,5458.69,-5458.69,0,Missing Order Date,,,False,True,Rejected
2245,4244,Men,Training,Metcon 7,XL,2.0,5890.69,0.54,0.0,,Retail,Bengaluru,161.88,0.0,0,0,1,0,0,1,5419.43,-5419.43,0,Missing Order Date,,,False,True,Rejected
2249,4248,Kids,Soccer,Premier Iii,XL,2.5,4045.64,0.48,0.0,,Retail,Mumbai,2167.88,0.0,1,0,0,1,0,1,5259.33,-5259.33,0,Missing Order Date,,,False,True,Rejected
2255,2019,Men,Running,Free Rn,XL,2.0,8072.86,0.5,0.0,,Online,Kolkata,1387.97,0.0,0,0,0,1,0,1,8072.86,-8072.86,0,Missing Order Date,Duplicate Order_ID,,True,True,Rejected
2256,4255,Women,Running,React Infinity,,1.0,6492.155000000001,0.48,0.0,,Retail,Kolkata,2584.67,0.0,0,0,1,1,0,1,3375.92,-3375.92,0,Missing Order Date,,,False,True,Rejected
2261,4260,Women,Lifestyle,Waffle One,,3.0,6058.38,0.5,0.0,,Online,Kolkata,258.08,0.0,0,0,0,1,0,1,9087.57,-9087.57,0,Missing Order Date,,,False,True,Rejected
2268,4267,Women,Basketball,Zoom Freak,L,3.0,4101.5,0.28,0.0,,Retail,Pune,2289.05,0.0,0,1,0,0,0,1,8859.24,-8859.24,0,Missing Order Date,,,False,True,Rejected
2269,4268,Men,Lifestyle,Waffle One,L,1.0,6321.98,0.5,0.0,,Online,Mumbai,-557.35,0.0,0,0,0,1,0,1,3160.99,-3160.99,0,Missing Order Date,,,False,True,Rejected
2270,4269,Kids,Basketball,Zoom Freak,L,2.0,6435.66,0.5,0.0,,Online,Pune,672.46,0.0,0,0,1,1,0,1,6435.66,-6435.66,0,Missing Order Date,,,False,True,Rejected
2276,4275,Women,Lifestyle,Dunk Low,8,3.0,6202.99,0.48,0.0,,Retail,Mumbai,557.81,0.0,1,0,1,1,0,1,9676.66,-9676.66,0,Missing Order Date,,,False,True,Rejected
2279,4278,Kids,Basketball,Zoom Freak,M,3.0,5606.81,0.48,0.0,,Retail,Pune,-356.42,0.0,1,0,0,1,0,1,8746.62,-8746.62,0,Missing Order Date,,,False,True,Rejected
2282,4281,Kids,Basketball,Air Jordan,11,3.0,6235.71,0.48,0.0,,Retail,Mumbai,88.91,0.0,1,0,1,1,0,1,9727.71,-9727.71,0,Missing Order Date,,,False,True,Rejected
2288,4287,Kids,Lifestyle,Waffle One,6,2.0,5637.46,0.48,0.0,,Retail,Kolkata,-157.55,0.0,0,1,1,1,0,1,5862.96,-5862.96,0,Missing Order Date,,,False,True,Rejected
2290,4289,Men,Lifestyle,Waffle One,L,2.0,5637.46,0.1,0.0,,Retail,Delhi,2164.64,0.0,1,0,1,0,0,1,10147.43,-10147.43,0,Missing Order Date,,,False,True,Rejected
2292,4291,Women,Soccer,Phantom Gt,XL,2.0,9306.54,0.48,0.0,,Retail,Delhi,-25.67,0.0,1,0,0,1,0,1,9678.8,-9678.8,0,Missing Order Date,,,False,True,Rejected
2297,4296,Women,Lifestyle,Waffle One,7,3.0,4121.58,0.5,0.0,,Online,Mumbai,3702.74,0.0,0,0,0,1,0,1,6182.37,-6182.37,0,Missing Order Date,,,False,True,Rejected
2308,4307,Women,Training,Superrep Go,7,2.5,6767.5,0.48,0.0,,Retail,Delhi,1311.71,0.0,1,0,0,1,0,1,8797.75,-8797.75,0,Missing Order Date,,,False,True,Rejected
2313,4312,Kids,Training,Superrep Go,,3.0,7889.36,0.5,0.0,,Online,Delhi,521.96,0.0,1,0,0,1,0,1,11834.04,-11834.04,0,Missing Order Date,,,False,True,Rejected
2314,4313,Women,Soccer,Tiempo Legend,8,2.0,6045.785,0.48,0.0,,Retail,Bengaluru,3611.15,0.0,1,0,1,1,0,1,6287.62,-6287.62,0,Missing Order Date,,,False,True,Rejected
2325,4324,Women,Soccer,Tiempo Legend,7,2.0,6045.785,0.48,0.0,,Retail,Mumbai,920.34,0.0,0,1,1,1,0,1,6287.62,-6287.62,0,Missing Order Date,,,False,True,Rejected
2337,4336,Men,Soccer,Phantom Gt,XL,2.0,7120.57,0.09,-6479.72,,Retail,Pune,1916.22,-6479.72,0,1,0,0,0,1,12959.44,-19439.16,0,Missing Order Date,,,False,True,Rejected
2338,4337,Women,Lifestyle,Blazer Mid,,2.5,6383.24,0.5,0.0,,Online,Mumbai,2735.14,0.0,1,0,1,1,0,1,7979.05,-7979.05,0,Missing Order Date,,,False,True,Rejected
2339,4338,Men,Running,Air Zoom,XL,3.0,5550.99,0.5,0.0,,Online,Pune,1586.94,0.0,1,0,1,1,0,1,8326.48,-8326.48,0,Missing Order Date,,,False,True,Rejected
2341,4340,Women,Training,Zoomx Invincible,6,2.0,3051.51,0.48,0.0,,Retail,Bengaluru,728.33,0.0,1,0,0,1,0,1,3173.57,-3173.57,0,Missing Order Date,,,False,True,Rejected
2342,4341,Kids,Training,Flex Trainer,,2.0,6383.55,0.48,0.0,,Retail,Hyderabad,-461.13,0.0,1,0,1,1,0,1,6638.89,-6638.89,0,Missing Order Date,,,False,True,Rejected
2344,4343,Kids,Training,Metcon 7,7,2.0,5890.69,0.48,0.0,,Retail,Bengaluru,1390.36,0.0,1,0,0,1,0,1,6126.32,-6126.32,0,Missing Order Date,,,False,True,Rejected
2350,4349,Women,Training,Flex Trainer,,2.0,6383.55,0.48,0.0,,Retail,Mumbai,1799.33,0.0,1,0,1,1,0,1,6638.89,-6638.89,0,Missing Order Date,,,False,True,Rejected
2354,4353,Men,Soccer,Premier Iii,M,2.5,5773.245,0.48,0.0,,Retail,Bengaluru,1665.83,0.0,0,1,1,1,0,1,7505.22,-7505.22,0,Missing Order Date,,,False,True,Rejected
2356,2007,Kids,Basketball,Lebron 20,7,3.0,6431.1900000000005,0.48,0.0,,Retail,Kolkata,1779.99,0.0,1,0,1,1,0,1,10032.66,-10032.66,0,Missing Order Date,Duplicate Order_ID,,True,True,Rejected
2357,4356,Men,Soccer,Phantom Gt,M,1.0,9557.32,0.5,0.0,,Online,Delhi,1465.63,0.0,0,0,0,1,0,1,4778.66,-4778.66,0,Missing Order Date,,,False,True,Rejected
2365,4364,Kids,Running,Free Rn,,2.0,6290.99,0.48,0.0,,Retail,Kolkata,1946.3,0.0,1,0,0,1,0,1,6542.63,-6542.63,0,Missing Order Date,,,False,True,Rejected
2370,4369,Women,Training,Superrep Go,L,3.0,5280.57,0.5,0.0,,Online,Hyderabad,1525.91,0.0,1,0,1,1,0,1,7920.86,-7920.86,0,Missing Order Date,,,False,True,Rejected
2373,2029,Kids,Running,Free Rn,M,2.0,6293.58,0.48,0.0,,Retail,Mumbai,2598.77,0.0,1,0,1,1,0,1,6545.32,-6545.32,0,Missing Order Date,Duplicate Order_ID,,True,True,Rejected
2380,4379,Women,Lifestyle,Air Force 1,9,3.0,6323.09,0.5,0.0,,Online,Hyderabad,974.37,0.0,0,0,1,1,0,1,9484.64,-9484.64,0,Missing Order Date,,,False,True,Rejected
2381,4380,Men,Soccer,Phantom Gt,M,1.0,6320.59,0.57,0.0,,Online,Pune,3456.67,0.0,0,0,1,0,0,1,2717.85,-2717.85,0,Missing Order Date,,,False,True,Rejected
2382,4381,Men,Training,Flex Trainer,XL,2.0,2476.41,0.48,0.0,,Retail,Pune,1189.49,0.0,1,0,0,1,0,1,2575.47,-2575.47,0,Missing Order Date,,,False,True,Rejected
2394,4393,Women,Basketball,Kyrie Flytrap,L,2.0,5066.14,0.48,0.0,,Retail,Kolkata,-41.67,0.0,1,0,1,1,0,1,5268.79,-5268.79,0,Missing Order Date,,,False,True,Rejected
2405,4404,Women,Running,Free Rn,M,2.0,6293.58,0.48,0.0,,Retail,Hyderabad,2129.29,0.0,1,0,1,1,0,1,6545.32,-6545.32,0,Missing Order Date,,,False,True,Rejected
2408,4407,Kids,Lifestyle,Waffle One,M,3.0,5637.46,0.5,0.0,,Online,Mumbai,3172.6,0.0,1,0,1,0,1,1,8456.19,-8456.19,0,Missing Order Date,,,False,True,Rejected
2409,4408,Kids,Training,Metcon 7,XL,1.0,3409.83,0.5,0.0,,Online,Bengaluru,1822.0,0.0,0,0,0,1,0,1,1704.92,-1704.92,0,Missing Order Date,,,False,True,Rejected
2410,4409,Kids,Training,Flex Trainer,L,2.0,6383.55,0.01,0.0,,Retail,Bengaluru,2707.33,0.0,1,0,1,0,0,1,12639.43,-12639.43,0,Missing Order Date,,,False,True,Rejected
2412,4411,Kids,Lifestyle,Air Force 1,M,2.0,6323.09,0.48,0.0,,Retail,Hyderabad,3130.26,0.0,1,0,1,1,0,1,6576.01,-6576.01,0,Missing Order Date,,,False,True,Rejected
2416,4415,Kids,Running,Free Rn,12,2.0,3671.95,0.48,0.0,,Retail,Pune,2797.91,0.0,1,0,0,1,0,1,3818.83,-3818.83,0,Missing Order Date,,,False,True,Rejected
2418,4417,Women,Soccer,Tiempo Legend,L,2.0,6045.785,0.83,0.0,,Retail,Hyderabad,2668.14,0.0,1,0,1,0,0,1,2055.57,-2055.57,0,Missing Order Date,,,False,True,Rejected
2419,4418,Women,Training,Metcon 7,XL,2.0,3139.93,0.46,3391.12,,Online,Kolkata,3548.13,3391.12,0,0,0,0,0,1,3391.12,0.0,1,Missing Order Date,,,False,False,Rejected
2434,4433,Men,Soccer,Phantom Gt,M,4.0,4840.5,0.48,0.0,,Retail,Hyderabad,3226.65,0.0,0,0,0,1,0,1,10068.24,-10068.24,0,Missing Order Date,,,False,True,Rejected
2436,4435,Women,Training,Flex Trainer,M,3.0,6383.55,0.5,0.0,,Online,Hyderabad,2607.57,0.0,1,0,1,1,0,1,9575.33,-9575.33,0,Missing Order Date,,,False,True,Rejected
2439,4438,Men,Basketball,Zoom Freak,,3.0,6435.66,0.48,0.0,,Retail,Delhi,-735.65,0.0,0,0,1,1,0,1,10039.63,-10039.63,0,Missing Order Date,,,False,True,Rejected
2451,4450,Men,Lifestyle,Air Force 1,,1.0,4745.48,0.48,0.0,,Retail,Mumbai,174.49,0.0,0,0,0,1,0,1,2467.65,-2467.65,0,Missing Order Date,,,False,True,Rejected
2456,4455,Women,Basketball,Kyrie Flytrap,12,3.0,8629.75,0.5,0.0,,Online,Mumbai,2417.15,0.0,0,0,0,1,0,1,12944.62,-12944.62,0,Missing Order Date,,,False,True,Rejected
2460,4459,Men,Training,Superrep Go,,3.0,5280.57,0.59,0.0,,Online,Kolkata,3055.56,0.0,0,1,1,0,0,1,6495.1,-6495.1,0,Missing Order Date,,,False,True,Rejected
2461,4460,Women,Soccer,Tiempo Legend,M,3.0,9682.2,0.5,0.0,,Online,Hyderabad,570.42,0.0,0,1,0,1,0,1,14523.3,-14523.3,0,Missing Order Date,,,False,True,Rejected
2462,4461,Kids,Lifestyle,Waffle One,XL,2.0,5637.46,0.48,0.0,,Retail,Hyderabad,1800.98,0.0,1,0,1,1,0,1,5862.96,-5862.96,0,Missing Order Date,,,False,True,Rejected
2463,4462,Kids,Running,React Infinity,L,3.0,6492.155000000001,0.48,0.0,,Retail,Pune,2280.52,0.0,1,0,1,1,0,1,10127.76,-10127.76,0,Missing Order Date,,,False,True,Rejected
2465,4464,Kids,Basketball,Kyrie Flytrap,,3.0,4917.28,0.82,0.0,,Online,Mumbai,2769.22,0.0,1,0,0,0,0,1,2655.33,-2655.33,0,Missing Order Date,,,False,True,Rejected
2470,4469,Kids,Basketball,Lebron 20,M,3.0,6431.1900000000005,0.48,0.0,,Retail,Bengaluru,3626.93,0.0,1,0,1,1,0,1,10032.66,-10032.66,0,Missing Order Date,,,False,True,Rejected
2471,4470,Women,Basketball,Kyrie Flytrap,L,3.0,5066.14,0.5,0.0,,Online,Bengaluru,3144.4,0.0,1,0,1,1,0,1,7599.21,-7599.21,0,Missing Order Date,,,False,True,Rejected
2474,4473,Kids,Lifestyle,Waffle One,12,3.0,5637.46,0.5,0.0,,Online,Kolkata,1011.74,0.0,1,0,1,1,0,1,8456.19,-8456.19,0,Missing Order Date,,,False,True,Rejected
2475,4474,Women,Lifestyle,Air Force 1,XL,3.0,8130.71,0.5,0.0,,Online,Mumbai,3536.87,0.0,1,0,0,1,0,1,12196.06,-12196.06,0,Missing Order Date,,,False,True,Rejected
2479,4478,Women,Lifestyle,Air Force 1,,4.0,7748.38,0.48,0.0,,Retail,Kolkata,3416.84,0.0,0,0,0,1,0,1,16116.63,-16116.63,0,Missing Order Date,,,False,True,Rejected
2492,4491,Women,Running,Pegasus Turbo,M,2.0,5644.675,0.5,0.0,,Online,Kolkata,3066.85,0.0,0,1,1,1,0,1,5644.68,-5644.68,0,Missing Order Date,,,False,True,Rejected
2493,4492,Men,Lifestyle,Air Force 1,M,2.0,6323.09,0.48,0.0,,Retail,Mumbai,2397.23,0.0,1,0,1,1,0,1,6576.01,-6576.01,0,Missing Order Date,,,False,True,Rejected
2497,4496,Men,Basketball,Kyrie Flytrap,L,3.0,5066.14,0.5,0.0,,Online,Hyderabad,-487.36,0.0,0,1,1,1,0,1,7599.21,-7599.21,0,Missing Order Date,,,False,True,Rejected
